Source,ZEB1_H,ZEB1,YAP,WT1,Wee1,UbcH10,U_Kinetochores,Twist,TRIO,TGFb_secr,TAZ,Stress_Fibers,SNAI2,SNAI1,Replication,Rac1,PTEN_c,Plk1_H,Plk1,pAPC,PAK1,N_bcatenin_H,N_bcatenin,Mst1_2,miR_34,miR_29c,miR_200,Merlin,Mad2,LEF1,Lats1_2,IQGAP1_LeadingE,Horizontal_Pol,FoxM1,FocalAdhesions,Fast_Migration,f4N_DNA,Emi1,Ect2,Ecadherin_mRNA_H,Ecadherin_mRNA,Cytokinesis,CyclinB,CyclinA_mRNA,CyclinA,CHK1,Cdk1,Cdh1,Cdc25C,Cdc25B,Cdc25A,Cdc20,b_catenin_TCF4,ATR,ApicalBasal_Pol,AMOT,A_Kinetochores
ZEB1_H,0.8997531906399902,0.899923435207044,0.7,0.6,-0.3164835164835165,0.28078630557761663,0.23628569258355542,0.9,0.6,0.8999458483754512,0.7,0.7,0.8996187322003173,0.999965512286248,0.32366453717547916,0.9,-0.5,0.49541573033707864,0.47057597512158,0.3364743741302771,0.8,0.8966092958561214,0.7,-0.7,-0.999963388961772,0.6,-0.9999773486607395,-0.7,-0.08965220067713142,0.9999683394016147,-0.6,0.8,0.7,0.5850651604152218,0.8,0.7,0.1970489604292421,-0.36324656254171667,0.10117837192829415,-0.9,-0.9999492310621285,0.10664460987041632,0.4062619656952978,0.49620596205962053,0.1727280496694568,0.2,0.3706146926536732,-0.26518835104907923,0.38023472590401725,0.4934508816120907,0.46274834900772427,-0.10553950235064788,0.8995186288902467,0.27142857142857146,-0.8,-0.6,0.2923799192780928
ZEB1,0.9997888026331168,0.8999402360675333,0.7,0.6,-0.32197211818560134,0.28710922164141245,0.2433631295655517,0.9,0.6,0.8999577315956323,0.7,0.7,0.8996737009382307,0.9999730700179533,0.3296178921462804,0.9,-0.5,0.4961869158878505,0.47374834687322875,0.3404228380315336,0.8,0.8969970018793874,0.7,-0.7,-0.999971419725153,0.6,-0.9999823183579648,-0.7,-0.09050853361198188,0.9999752903385224,-0.6,0.8,0.7,0.587089040428787,0.8,0.7,0.2031990362735912,-0.3666069484913837,0.11085685180555235,-0.9,-0.9999603698811097,0.11516093229744728,0.41347852653810263,0.4968680089485458,0.18333445823264694,0.2,0.3734214656867468,-0.2733088573595418,0.38261383864982856,0.4945606694560669,0.466742463711725,-0.11411793585852523,0.8995879918154503,0.27473684210526317,-0.8,-0.6,0.2980722265306396
YAP,0.13184170066500456,0.273155216651368,0.8943981505197944,0.8984236453201971,-0.29699891487622215,0.2416573157861786,0.19219990824036295,0.39250237195747184,0.8984236453201971,0.18352612684709613,0.7950565376652333,0.7936261176144909,0.2779958441179724,0.4482991480743622,0.27645113464202803,0.8337729092801434,-0.8,0.6073084174910672,0.4831156537378571,0.3829893390303171,0.7643054928064417,0.05057130996708266,0.7913832199546486,-0.7913832199546486,-0.28090025276428254,0.8984236453201971,-0.3217682258061002,-0.6842577030812326,-0.1050049498581874,0.1830284888702896,-0.6961904761904762,0.8845952969335915,0.8940451258867904,0.4921054563074079,0.8836670124906034,0.8947265263491897,0.14360490227342698,-0.388482081624011,0.0426529933071972,-0.9087657541577464,-0.288920080772038,0.04049583176865253,0.2936859799299532,0.4896975699182614,0.05331529326406237,0.2774314711343615,0.41425680783701446,-0.18683453609362247,0.42618686244367804,0.4518918901887294,0.43660945736705853,-0.013666100542499152,0.15167786770370303,0.2774401864908196,-0.8803845397962675,-0.5974193548387097,0.26407079675903844
WT1,0.5732057093177348,0.5869269722814499,0.7,0.6,-0.29499564791643995,0.2491624043582751,0.19855193555889133,0.3969811320754717,0.6,0.48977631201605965,0.7,0.6,0.6663018411753766,0.49231713688610246,0.2887423496517287,0.6990062111801242,-0.5,0.548779200022832,0.4715081387978584,0.34713692316667644,0.6,0.45079435423001446,0.7,-0.7,-0.4911929824561404,0.6,-0.4939893048128342,-0.5,-0.09783909440064684,0.4921957888980038,-0.6,0.7,0.8,0.4873853577282053,0.7,0.7,0.16247775040504248,-0.37187994420676945,0.042778477680974265,-0.7978779840848806,-0.5899378881987578,0.044693057946069994,0.33213338084813937,0.44480108806528396,0.08666765032160051,0.24666666666666667,0.38808626716412564,-0.2067174800897072,0.4024000916065499,0.4266010993408167,0.44189156674761926,-0.04325458588104503,0.5577467693790904,0.2749685534591195,-0.8,-0.5,0.2693471827147756
Wee1,-0.10766118670443618,-0.10100321722882163,-0.05747126436781609,-0.03333333333333333,0.2670068891712988,-0.012432973037587147,-0.1272692327866864,-0.09547504964171631,-0.03333333333333333,-0.10413387465249402,-0.05696969696969697,-0.05792349726775956,-0.10380207039063505,-0.10923225752886682,-0.1298324050110854,-0.09740775514462088,0,-0.4249087013259235,-0.39753033415545647,-0.3142261351232683,-0.07910710154984965,-0.09642721837639642,-0.05426356589147287,0.05426356589147287,0.10907028221701635,-0.03333333333333333,0.11300681353350864,0.05696969696969697,0.07687306341473284,-0.10988628095505555,0.03333333333333333,-0.08080485319996296,-0.05730994152046783,-0.2975365055025405,-0.08067027838363938,-0.059047619047619036,0.04028219319727177,0.30492053457218393,0.057236021911762136,0.09255927373182884,0.10535831215546639,0.05888819565330354,0.009773839712126565,-0.30019509060670796,0.09509820931080717,-0.13333193590366896,-0.4388332312596657,0.09265101369182178,-0.3379328493764769,-0.26788315142250946,-0.24954400880301342,-0.03156343471076118,-0.10301937162069001,-0.1312571290835119,0.07663198694410445,0.03333333333333333,-0.18198037197859432
UbcH10,0.4665744636093042,0.4600415776057513,0.3828481012658228,0.29500000000000004,0.31873197554554566,-0.06820732401566391,-0.19918153732096192,0.47745916402023053,0.29500000000000004,0.4862893729126533,0.38313710099424386,0.38255913714916046,0.42221076667824287,0.5075884025736295,-0.24999881040043936,0.4993552647530943,-0.2,-0.4909852326217604,-0.46752865637097696,-0.2511802499379695,0.44658737870582976,0.3106617258759655,0.37263986013986017,-0.37263986013986017,-0.5041361407448057,0.29500000000000004,-0.5337037048311437,-0.37756687756687757,0.12036495254986505,0.5153265267732958,-0.2925233644859813,0.45876135037723753,0.38162706829846677,-0.47634212478495075,0.4578507596306027,0.3846953302245094,-0.33551666022002813,0.3964060429677609,0.06193693687133363,-0.46810296979760196,-0.4879702937331295,0.0639155763267186,-0.22876820930143388,-0.47421033408609786,-0.26481369348542716,-0.25121018596797673,-0.38754864246990756,0.3210201306765847,-0.4185793611958166,-0.4278721171946547,-0.43457363037145197,0.0955839536487144,0.40504950776255233,-0.251156199159536,-0.43957372787533106,-0.2952941176470588,-0.3016270801859246
U_Kinetochores,0.34605125151866106,0.34375436010367744,0.2841269841269841,0.2,0.2617191674936292,-0.1613953358906113,-0.04223233734944424,0.3651573086158908,0.2,0.3638338414604312,0.2836065573770492,0.2846153846153846,0.31785909120536393,0.3857815933445132,-0.2589160753596477,0.38082887584842395,-0.1,-0.3607294189197649,-0.34866593244157695,-0.13145434236068682,0.3403918809367209,0.25673559246302613,0.275,-0.275,-0.3839335615608425,0.2,-0.40883735926294057,-0.28130841121495326,0.06496035846536082,0.3913720610503571,-0.2,0.3508434470651095,0.2832869080779944,-0.3444898913669345,0.3499555643329713,0.28705501618122975,-0.11795665152081243,-0.07066981451970775,-0.13761532430382004,-0.3521880615612755,-0.36748870624477636,-0.1367591261572729,-0.1507772408665496,-0.34092402571046343,-0.23898187788326627,-0.25840394518212645,-0.21769675329659996,0.3259753937629163,-0.22525466576550252,-0.22748333195554168,-0.3170175269758395,0.040033435038269415,0.31065942730813145,-0.25925838889113423,-0.3292483660130719,-0.2,0.08032578458220795
Twist,0.8997821392276789,0.8999265347352955,0.7,0.6,-0.3132894848163935,0.27667302209773664,0.23155324722003257,0.7,0.6,0.8999480890273182,0.7,0.7,0.9996633921221422,0.7999668558644405,0.3204271379913468,0.9,-0.5,0.4951114306254493,0.46959953936698123,0.3339776295133438,0.8,0.8970547764086408,0.7,-0.7,-0.7999648413465764,0.6,-0.9999782880095532,-0.7,-0.08889995848899958,0.8999696152531429,-0.6,0.8,0.7,0.5851826085379072,0.8,0.7,0.19180128009753122,-0.3612689210950081,0.0949394763504506,-0.9,-0.9999512878280461,0.09970138111235535,0.4057681466675896,0.49605077574047957,0.16616181051859996,0.2,0.36879687401525174,-0.2602332379363646,0.3790717764716482,0.49315789473684213,0.4618811396814214,-0.10006142222533143,0.8995749344271591,0.2686274509803922,-0.8,-0.6,0.28866354175064396
TRIO,0.5802778290067961,0.5913062263714219,0.8,0.7,-0.33522297888435837,0.287150767829215,0.23602093103689686,0.6986394557823129,0.7,0.5932632796028021,0.7,0.8,0.5752890158454166,0.6955154431560426,0.3295145882440479,0.899637516991391,-0.6,0.5687183732880057,0.5069331536376193,0.37779327818764435,0.8,0.4727996584800157,0.6,-0.6,-0.5946924367977,0.7,-0.6963904788054154,-0.7,-0.10597670381063637,0.595124396011103,-0.6,0.9,0.8,0.623701754361938,0.9,0.8,0.202709705753184,-0.4024017466454288,0.07883034808187767,-0.6992263056092843,-0.6936568746835963,0.08397271952259164,0.38478056081227885,0.5674499242008838,0.14137794376939164,0.26595744680851063,0.4178327531434876,-0.2598698428942331,0.4311417326499337,0.5537855020961159,0.4843443853326407,-0.07606189933406013,0.5686117823405379,0.30661678746785126,-0.7,-0.7,0.30620015808772016
TGFb_secr,0,0,0,0,0,0,0,0,0,0,0,0,0,0,0,0,0,0,0,0,0,0,0,0,0,0,0,0,0,0,0,0,0,0,0,0,0,0,0,0,0,0,0,0,0,0,0,0,0,0,0,0,0,0,0,0,0
TAZ,0.5786358686644855,0.5906565163641095,0.8,0.7,-0.33202182365483507,0.28305030928779534,0.23104399364837241,0.5984,0.7,0.4926852719886541,0.7,0.7,0.6739970235271107,0.5951663082437276,0.3268460331181323,0.79960513326752225,-0.6,0.5677381723158405,0.5054995150927772,0.3747986639497617,0.7,0.46636295890949037,0.7,-0.7,-0.5941758775983376,0.7,-0.5960107835107835,-0.6,-0.10489826840719393,0.49461658411300685,-0.7,0.9,0.9,0.6231466411059996,0.8,0.8,0.19707375137460575,-0.40003967077957003,0.07235892149777659,-0.6991434689507494,-0.5931386371265526,0.0771431616478704,0.3845532136367541,0.56677833825069,0.13495022463371603,0.26279069767441865,0.41564327950285607,-0.25491331810406953,0.4294971489304271,0.5527419632112773,0.4827991815689471,-0.07075638296479583,0.5669891105482913,0.30368138593352795,-0.8,-0.6,0.3021471554886602
Stress_Fibers,0.1834828725193231,0.2965878177691804,0.8989026063100137,0.8,-0.2984716772164188,0.24427988863706526,0.1938590590624188,0.39388504336860763,0.8,0.2077626369984053,0.7989730423620026,0.698821796759941,0.3099354702020772,0.4590880369961063,0.2796558716696066,0.7746144590654466,-0.7,0.600900074917877,0.48434548036704667,0.3781977725570777,0.6889677035862889,0.08632202111896894,0.6977715877437326,-0.6977715877437326,-0.31104783102033695,0.8,-0.341717269035292,-0.596734693877551,-0.10518374591081636,0.21349986782976474,-0.6,0.7958451874968514,0.8988309790550414,0.4964831372229958,0.7955564906374921,0.8991374663072775,0.1489993449296923,-0.38836071300535935,0.040764407713090554,-0.861542824730573,-0.3127850406534648,0.03865294265515917,0.3026081071379582,0.4873477416221669,0.05888093439862237,0.27561006693036033,0.4126236740204246,-0.1914934109073272,0.42577889525179946,0.45281201757082,0.441121158314777,-0.01852975217330924,0.18551847470231878,0.2792118104495161,-0.7939656886000599,-0.5,0.2670968690996483
SNAI2,0.9998927536336643,0.9999754209167998,0.7,0.6,-0.3370597135144549,0.30472190818357736,0.26304312171709976,0.8,0.6,0.89998262833318865,0.7,0.6,0.9998342369356855,0.8999888941333258,0.34671458083780354,0.8,-0.5,0.497930614729154,0.4824988882641117,0.3508656813908056,0.7,0.7982460836986813,0.7,-0.7,-0.8999882273302529,0.6,-0.8999927296521137,-0.6,-0.09250731707317073,0.8999898355906792,-0.6,0.7,0.7,0.5925476755882322,0.7,0.6,0.21864253393665162,-0.3755770782889427,0.13846959847814364,-0.9,-0.9999836917745387,0.13824884792626727,0.43651975911038,0.49840182648401826,0.2130705650135702,0.2,0.3806800445930881,-0.2953797105238313,0.3885462994355916,0.4971584699453552,0.47801165739641027,-0.138921156172821,0.9997906019352415,0.2824175824175824,-0.8,-0.5,0.31370594501170335
SNAI1,0.8997304403491972,0.8999136038014328,0.7,0.6,-0.31368978645919554,0.2776932632895154,0.23297360910882933,1,0.6,0.8999389095352035,0.7,0.7,0.8995836716401582,0.8999610882324329,0.32052125990279,0.9,-0.5,0.4950097847358121,0.4688556754573259,0.3345447987414144,0.8,0.8963776810201459,0.7,-0.7,-0.8999586862218549,0.6,-0.999974449057809,-0.7,-0.08925864578627717,0.8999642686993807,-0.6,0.8,0.7,0.5839188845893724,0.8,0.7,0.19416941694169418,-0.3615163687487447,0.09689272320851268,-0.9,-0.9999427193966444,0.1027027027027027,0.40227049027729056,0.49584569732937683,0.16763552676440505,0.2,0.3691430782126507,-0.26116456402528276,0.3790035877364645,0.4928571428571429,0.4605792682926829,-0.10172242936421531,0.8994743860610859,0.269811320754717,-0.8,-0.6,0.2896213701956755
Replication,0.01470934907896317,0.018114900655347287,0.01111111111111111,0,0.3318750271277415,-0.0322920713911475,0.08194796565803651,0.023538381819527724,0,0.019851056478681708,0.01111111111111111,0.01111111111111111,0.012567138363634562,0.022787166618467185,-0.05655234363968421,0.024243997051697525,0,-0.3146762680162938,-0.34382607759380757,-0.24567952407884808,0.020658849804578445,0.005490201474935958,0.01111111111111111,-0.01111111111111111,-0.022739801517841832,0,-0.02495927905859551,-0.01111111111111111,-0.006992974207824802,0.02312199234587549,0,0.02078853046594982,0.01111111111111111,-0.1518092035216204,0.02078853046594982,0.01111111111111111,0.196862083959721,0.06947885502714063,0.09933892513954805,-0.021933343444962228,-0.020585708681485883,0.10028997976128569,-0.019270949123098978,-0.15142920263320175,-0.0031772641743557976,0.042163127600589226,-0.25478028610837566,0.16421623654421166,0.00922081023730757,0.12079645459883533,-0.21503724588121872,0.06851867005185559,0.01228590369779763,0.04270224002873732,-0.02031356509884117,0,0.1044532594210477
Rac1,0.6667141693778774,0.6825085724124776,0.9,0.8,-0.35608932859381426,0.29803946743171356,0.24301090840514777,0.7951387648564723,0.8,0.6859605705333086,0.8,0.9,0.6588107549758514,0.7897337595297708,0.34156577914344355,0.8985058151948143,-0.7,0.6265253627076915,0.540036668883298,0.4141391091893231,0.899637516991391,0.52326679501500994,0.7,-0.7,-0.6880699202414087,0.8,-0.79134422144629,-0.8,-0.1171776742918333,0.6890551009095499,-0.7,0.9998664440734558,0.9,0.661145890127127,0.9998569384835478,0.9,0.20778901996564997,-0.4336423103092436,0.07654109827522647,-0.7973118575087759,-0.7864357502000325,0.07883034808187767,0.39121031744944695,0.623701754361938,0.13229337938646735,0.30661678746785126,0.45519623907840207,-0.26587241650713145,0.4703002472287162,0.5998763105125057,0.5093866989686698,-0.06303319400307009,0.648606447584603,0.3295145882440479,-0.7997277059223962,-0.8,0.32076718062627296
PTEN_c,0,0,0,0,0,0,0,0,0,0,0,0,0,0,0,0,0,0,0,0,0,0,0,0,0,0,0,0,0,0,0,0,0,0,0,0,0,0,0,0,0,0,0,0,0,0,0,0,0,0,0,0,0,0,0,0,0
Plk1_H,0.26442533780852406,0.2579657833627504,0.17894736842105263,0.1,-0.21405397303349055,-0.061851164558132665,-0.14834546047298153,0.26624506645353196,0.1,0.27072283681214865,0.17777777777777776,0.18,0.24948126574084503,0.2900028452418279,-0.027169251312027666,0.27503737236716985,0,0.4610607037845451,0.32894253556868486,0.3270554597830858,0.2351922264469793,0.21654796696716155,0.17142857142857143,-0.17142857142857143,-0.2892571181940786,0.1,-0.30590019505099875,-0.17777777777777776,-0.1310508584751076,0.29296516752569174,-0.1,0.24190476190476193,0.17857142857142855,0.2153198656581584,0.2414147909967846,0.1826086956521739,-0.3114194230992217,-0.21949685107936912,0.3276760139340804,-0.25428149544137446,-0.27509260142128145,0.3260431167942094,-0.12762647606350844,0.22032820798812208,-0.20966855442295668,-0.022624099384322697,0.1612957434841041,0.16722797400620956,0.22794368869726228,0.05918590474361857,0.054028150385046506,0.185905819630588,0.2466393642989652,-0.02557050858371519,-0.22459930313588852,-0.1,0.07159884293045557
Plk1,0.25339502802862895,0.25309319117100965,0.23556149732620318,0.1764705882352941,-0.09786260600979493,-0.06018461981544432,-0.12408015642917573,0.27758581664432613,0.1764705882352941,0.2692018491686695,0.2345330739299611,0.23644936449364495,0.23575185429516754,0.2917908814812223,-0.07399446595881846,0.29173525590218113,-0.1,0.32688624127883426,0.0937152892226687,0.2987020199602582,0.2661538605533439,0.19363209562296918,0.21694915254237288,-0.21694915254237288,-0.290547016739382,0.1764705882352941,-0.31156796831560557,-0.2291850220264317,-0.10593853934643316,0.29586342891656725,-0.17142857142857143,0.279507038982081,0.2336158940397351,0.09443411149849879,0.27844366648794694,0.24183566170947873,-0.20073103234275091,-0.19953781184991198,0.10873183438377443,-0.26332517336490846,-0.27399924809792003,0.10841001293355768,-0.13451660422051273,0.09696334735238289,-0.18539910651568253,-0.072199730451449,0.1336191122327742,0.15564527441900702,0.12372227914541478,0.05987993619809255,0.038575671564624034,0.16453804648383324,0.23179735443161137,-0.07350544488438557,-0.2509026409144659,-0.18,0.04044599247050204
pAPC,0.3007125161253601,0.30596871536430703,0.3381231884057971,0.2791666666666667,0.31722320130956533,-0.150213644945565,-0.06620647234563103,0.34889200232097384,0.2791666666666667,0.3295883900671891,0.3386524822695035,0.3376123145503936,0.2693892731366016,0.35411864573353946,-0.24417434423898107,0.37385001297428044,-0.2,-0.4215485614894268,-0.3987053615875943,-0.0784134825620699,0.35639711596337237,0.20686406834713406,0.3132183908045977,-0.3132183908045977,-0.3514800529179866,0.2791666666666667,-0.3824983001667063,-0.3253385661378586,0.26475395197346757,0.36132929990661655,-0.2712230215827338,0.3781420490110623,0.3349059324439398,-0.4019457453591794,0.37632965421785203,0.34376680061598464,-0.27594316352398973,0.3863371045467142,0.21573583903295593,-0.33451084361103745,-0.3329990617053508,0.21756668770679247,-0.34316429981531404,-0.40205332089617174,-0.19027717516774822,-0.24652463536174146,-0.44692774272413177,0.21678341461140632,-0.4525944218502267,-0.3642833518470126,-0.3588397397324465,0.1581222333887296,0.26115885323790516,-0.24550018382989647,-0.34242731575388774,-0.28019801980198017,-0.3992637813662009
PAK1,0.7886283995289768,0.793745602844837,0.9,0.8,-0.3333566467274255,0.2775721508845572,0.2246505145864844,0.898096486873515,0.8,0.7950927146130498,0.9,0.7,0.78434297812052,0.8960239979567974,0.3171577498322483,0.8990236509562841,-0.7,0.6110186595708248,0.5174190795616433,0.3963450661432362,0.7997267759562842,0.7214997607099216,0.6,-0.6,-0.7957200735715497,0.8,-0.8969108814948145,-0.8,-0.11177403729864135,0.7962284085177904,-0.7,0.7998708427510495,0.8,0.6400284684780432,0.7998635045214127,0.8,0.18774539922885916,-0.4135703261283634,0.0631947984027652,-0.7983192712322411,-0.8951079247430114,0.06410840316939878,0.35951185040398403,0.607342485705921,0.10838329756099271,0.2909222597778851,0.4354710365298281,-0.24044212969818024,0.45024747614424043,0.5810222658094512,0.48456563195702396,-0.0488723617763411,0.7804735731927266,0.3084429209349099,-0.6997292724196278,-0.8,0.30041928893647174
N_bcatenin_H,0.999953001997415,0.9,0.6,0.5,-0.26500829187396346,0.24644012944983823,0.21572327044025155,0.8,0.5,0.9,0.6,0.6,0.9999273321827596,0.9,0.27746478873239433,0.8,-0.4,0.4,0.3936,0.2714975845410628,0.7,0.7989404544205105,0.6,-0.6,-0.9,0.5,-0.9,-0.6,-0.06476190476190476,0.9,-0.5,0.7,0.6,0.4975395430579965,0.7,0.6,0.16363636363636364,-0.2914285714285714,0.12278911564625852,-0.8,-0.9,0.11666666666666667,0.36445084969675134,0.4,0.18026315789473685,0.1,0.2932584269662921,-0.2374080882352941,0.29705882352941176,0.4,0.39152941176470585,-0.12708661417322836,0.9999082042455537,0.2,-0.7,-0.5,0.2504843433205677
N_bcatenin,0.8999835397720257,0.9,0.6,0.5,-0.2754471544715447,0.26064030131826743,0.2344444444444444,0.7,0.5,0.8,0.6,0.5,0.9999745125525678,0.8,0.28740157480314965,0.7,-0.4,0.4,0.39695585996955857,0.27893333333333337,0.6,0.7994269997661881,0.6,-0.6,-0.8,0.5,-0.8,-0.5,-0.06540880503144654,0.8,-0.5,0.6,0.6,0.498981077147016,0.6,0.5,0.1764705882352941,-0.29523809523809524,0.15607235142118864,-0.8,-0.9,0.14444444444444443,0.37799484997760857,0.4,0.2086050724637681,0.1,0.296319018404908,-0.25458296492779253,0.2984732824427481,0.4,0.3961123110151188,-0.15609915198956295,0.899967822379535,0.2,-0.7,-0.4,0.2628997867803838
Mst1_2,-0.151958308984371,-0.262987012987013,-0.9,-0.8,0.308931601397922,-0.25704561897485234,-0.2063367874855917,-0.3439936858721389,-0.8,-0.1697873082287308,-0.8,-0.7,-0.2917868824238251,-0.4141311637943604,-0.2925155467647972,-0.6908430956312079,0.7,-0.5891780287089112,-0.4895577921465975,-0.37692510373004445,-0.5974683544303797,-0.06772814967459327,-0.6,0.6,0.27930565851247835,-0.8,0.30093722203177553,0.5,0.10643322447023958,-0.1718101929369535,0.6,-0.6991778006166495,-0.8,-0.6007798809353709,-0.7991140642303434,-0.7,-0.1680528860969486,0.3923913311134933,-0.04999282034446217,0.7841045566937478,0.2790349807198931,-0.050093423966192555,-0.32129945702864104,-0.5794730319176786,-0.08367562110239854,-0.2761363636363636,-0.41408697632302277,0.21300106448158043,-0.42691201678655954,-0.5520552295210949,-0.4527834635873352,0.035274774715178946,-0.1656088158946393,-0.2879376058723885,0.6983838383838383,0.5,-0.2796842834313412
miR_34,-0.8990500255681846,-0.7995945865777518,-0.8,-0.7,0.35127528789293494,-0.30093931452648887,-0.24824050867910516,-0.9999367138675737,-0.7,-0.799699399807281,-0.7,-0.8,-0.8985931005671468,-0.8997748383786014,-0.3481228314877144,-0.899965057872898,0.6,-0.578181673675236,-0.525650986316396,-0.38851148955521986,-0.8,-0.890350935546817,-0.6,0.6,0.8997604165732849,-0.7,0.8998401908054581,0.7,0.10804312887803887,-0.7997923715164946,0.6,-0.9,-0.8,-0.6524930065856821,-0.9,-0.8,-0.21285814567657865,0.4146815110646312,-0.08940074027627003,0.7999289331082882,0.8997058637668658,-0.09301868528350592,-0.4221986221891318,-0.5802579630919842,-0.1606846379442696,-0.2692307692307693,-0.42890842977702015,0.27920579261858147,-0.4438452872077804,-0.5700030267048497,-0.5085430030886197,0.08715526918391212,-0.8982247131216052,-0.3171407370764284,0.7,0.7,-0.31912807558755507
miR_29c,0,0,0,0,0,0,0,0,0,0,0,0,0,0,0,0,-0.1,0,0,0,0,0,0,0,0,0,0,0,0,0,0,0,0,0,0,0,0,0,0,0,0,0,0,0,0,0,0,0,0,0,0,0,0,0,0,0,0
miR_200,-0.9994885159190616,-0.9997925660791946,-0.8,-0.7,0.36688653610771116,-0.3162373911706372,-0.26314255093429273,-0.7999703286106372,-0.7,-0.9998469308172651,-0.7,-0.8,-0.8992370299632029,-0.8998862947084696,-0.3659460913235319,-0.999983304463969,0.6,-0.5842246319406578,-0.5400884918968195,-0.39947970139987266,-0.9,-0.9943648961009753,-0.6,0.6,0.899879231743064,-0.7,0.9999200204909116,0.8,0.11059281446847198,-0.999895561338214,0.7,-0.9,-0.8,-0.6662996794979923,-0.9,-0.8,-0.2264934655959691,0.4264062415548443,-0.10474816741906005,0.7999660671869698,0.8998505224401271,-0.10807486631016043,-0.45031474711800923,-0.5866730374145629,-0.18266730184247917,-0.2737704918032787,-0.4393582830335257,0.2991279514476024,-0.4543648243343691,-0.5789581534920047,-0.526831480184273,0.10197740258207652,-0.8990366034160596,-0.32801213704749466,0.7,0.7,-0.333409432057987
Merlin,-0.397300421334429,-0.4771755989929911,-0.9996062992125985,-0.9,0.3373926888160227,-0.27740610063062265,-0.22417153205032397,-0.6462588729889239,-0.9,-0.4883058246036871,-0.9996401259559153,-0.799565453557849,-0.40410843530753615,-0.6207903506738728,-0.31573514184404294,-0.8877404167825365,0.8,-0.6359777606732345,-0.5247113424458231,-0.412835870832743,-0.7951668755512232,-0.15384296563160357,-0.6992055610724925,0.6992055610724925,0.5002168806197103,-0.9,0.6180489439444756,0.6987596899224806,0.11573003375037474,-0.4989326977211534,0.8,-0.8982194122636441,-0.8995728017087931,-0.6405007977059631,-0.8980897110749122,-0.7996854109319701,-0.18317398388905243,0.42344709399260133,-0.06324489883363411,0.88055947028514725,0.5948992697399564,-0.06204063054095118,-0.3472313012990945,-0.6256437684491459,-0.09756320700866569,-0.3060516793578015,-0.44917288966994884,0.2357421848814575,-0.46304595098480156,-0.591808497137151,-0.48462616230648525,0.038510010212678615,-0.3723332946019551,-0.3132524274874773,0.7972651591320906,0.9,-0.30134304179810173
Mad2,-0.15586886999811803,-0.16395718186544234,-0.16,-0.1,-0.32586022907595563,-1.263003220051191e-4,0.05018137615686195,-0.19796113847837987,-0.1,-0.1792916566203251,-0.15789473684210525,-0.1619047619047619,-0.13946790742602416,-0.20258303952685575,0.17911290785531345,-0.209784092721296,0,0.40013820497572883,0.38220604458050345,0.10339359561288193,-0.1917408906882591,-0.09562914810621657,-0.14666666666666667,0.14666666666666667,0.20162223685331507,-0.1,0.2218591248918152,0.15789473684210525,-0.2475840001297783,-0.20620291491130943,0.1,-0.20203215043979378,-0.15932203389830507,0.38383615566606355,-0.20125960061443932,-0.16666666666666666,0.1758075261719981,-0.35886869999400156,-0.2194738352909312,0.1825710338199075,0.18451724266981862,-0.2212345659809687,0.32298627641829547,0.3815632097357191,0.08556807846687899,0.1800363741664079,0.4335887113027864,-0.20030785122480607,0.43557624537575174,0.3503799373832145,0.34211740887281417,-0.15430801373177597,-0.13619405507308882,0.18015205404862475,0.17595959595959595,0.1,0.37361681569063043
LEF1,0.9999446979123462,0.9,0.6,0.5,-0.26277590722035166,0.2435978835978836,0.21213675213675215,0.8,0.5,0.8,0.6,0.6,0.9999144750908702,0.9,0.2752895752895753,0.8,-0.4,0.4,0.3927862939585212,0.2699505010261983,0.7,0.7988377417345174,0.6,-0.6,-0.9,0.5,-0.9,-0.6,-0.06463104325699745,0.9,-0.5,0.7,0.6,0.4971759959657085,0.7,0.6,0.16097560975609757,-0.29058823529411765,0.11669770328988208,-0.8,-0.9,0.11111111111111112,0.3615157256536567,0.4,0.17456913435174304,0.1,0.2925465838509317,-0.23376344086021508,0.296734693877551,0.4,0.39039999999999997,-0.12202603282399546,0.899891972182837,0.2,-0.7,-0.5,0.24801486793197594
Lats1_2,-0.18356750438666986,-0.30426183012389907,-0.9991923271075214,-0.9,0.3144973798660783,-0.2581285732741809,-0.20710373987962086,-0.4004597550142644,-0.9,-0.21322853480454002,-0.8992578849721706,-0.7991140642303434,-0.3233268220340365,-0.4660512058774745,-0.29345914841972937,-0.7780478200406568,0.8,-0.6140172995658812,-0.4996054256079092,-0.3929652873505621,-0.6908430956312079,-0.08254167355050823,-0.6983838383838383,0.6983838383838383,0.3245955135849421,-0.9,0.3503358474613288,0.5974683544303797,0.10963768840009211,-0.21672593959587272,0.6,-0.7966273224019842,-0.8991304347826088,-0.6114305701715548,-0.8963857580537613,-0.7993558776167472,-0.16412628408135627,0.40222409394967906,-0.051797206829346576,0.8662761384631847,0.32369931909785193,-0.04999282034446217,-0.3174825609615386,-0.6007798809353709,-0.07651827540549909,-0.2879376058723885,-0.42724737865229756,0.21130341270201397,-0.4401186399922645,-0.5666368178862818,-0.4577981705247051,0.02733104356325667,-0.1933733818875049,-0.2925155467647972,0.7949795830646894,0.6,-0.2814226829343076
IQGAP1_LeadingE,0.5350260688055345,0.5663838593720417,0.9,0.8,-0.34736435857999665,0.2890617628379823,0.23400680529205617,0.5901423267326733,0.8,0.47184578544061306,0.8,0.8,0.6295735796786539,0.6811188323020784,0.3326847465501609,0.8979241755181604,-0.7,0.6215965753002421,0.5330155641902873,0.40675785195420594,0.7994708994708994,0.4433017748489543,0.8,-0.8,-0.5760180164773437,0.8,-0.5821056259633087,-0.7,-0.11466513028754692,0.4767347591004255,-0.7,0.8998214285714285,1,0.6545584092209497,0.8998074608904935,0.9,0.19786996365214982,-0.4261252162992702,0.06779827819443593,-0.7962492170320516,-0.5734442466778782,0.0697941611265043,0.3828261862691467,0.6187322486452477,0.1207988583987328,0.29937223422867143,0.4480116924926163,-0.2551556689065266,0.4636608730867969,0.5939018950625162,0.5018489513001455,-0.05501900209343805,0.5138872134183599,0.3211958515679838,-0.8996418979409132,-0.6,0.311906443087114
Horizontal_Pol,0.6642163930090548,0.6813788077713325,0.9,0.8,-0.35309761015769886,0.2941058214066382,0.23821891349162141,0.6947183540877098,0.8,0.5849540248648621,0.8,0.8,0.7566013473079051,0.6891366985532835,0.33924984164819627,0.8984703814944727,-0.7,0.6255836055711098,0.5388612943876729,0.411076266473421,0.79960513326752225,0.5152010329009385,0.8,-0.8,-0.6872085370073577,0.8,-0.6906610708101693,-0.7,-0.11600937951830506,0.5881886168167001,-0.8,0.9998555435175154,0.9,0.6610014680761578,0.899845946466397,0.9,0.20244477610958808,-0.4313693106687667,0.07006780489782768,-0.7972774242989666,-0.6855239968236497,0.07235892149777659,0.39139523887622496,0.6231466411059996,0.12618278574980463,0.30368138593352795,0.45309323704258675,-0.2612346306717384,0.468817132242901,0.5989743404596973,0.5081653115147355,-0.05788854610367038,0.6458910229480445,0.3268460331181323,-0.899704905938768,-0.7,0.31690810645966083
FoxM1,-0.10507834481811021,-0.11674065741290898,-0.18026315789473685,-0.15,-0.28288719616528235,0.23098768688032417,0.18465113428878613,-0.1627180520324502,-0.15,-0.13274695600409375,-0.1786609380594343,-0.1816803154382772,-0.09027453964108209,-0.1575019797544015,0.26265820380565497,-0.17870227370549313,0.1,0.5897529128312625,0.46381728526293947,0.37286616222430224,-0.17862969724100375,-0.05083999329184332,-0.15313531353135312,0.15313531353135312,0.1563048998757437,-0.15,0.1783210261485263,0.17085326953748006,-0.1007074095696868,-0.16148956235237225,0.1411764705882353,-0.19594787994192356,-0.17736355154719327,0.36388276747886056,-0.19459616671029284,-0.19004065040650409,0.13277358245789547,-0.37426786978061544,0.043306288875502384,0.1458616992064371,0.13816398397325796,0.04133631564524973,0.26941161471306946,0.46541166335161943,0.04447429084142153,0.26595930315321653,0.39926465883818496,-0.17359984467049822,0.4088833287759622,0.42865738108296947,0.4154254498953306,-0.009738113799624684,-0.0871634662790614,0.2642116382058047,0.15886779760778624,0.15652173913043477,0.25198443631690803
FocalAdhesions,0.4482257213438432,0.5109453266881268,0.9996987951807229,0.9,-0.33753018217841724,0.2755140716923559,0.22061791151878057,0.6634581367075187,0.9,0.5210551537641569,0.8997233748271093,0.8996694214876033,0.5476356319580018,0.7445946864894735,0.31706710685580275,0.9915483037329009,-0.8,0.6407085345304989,0.5292473708120328,0.4119359927850323,0.8966342988188961,0.29695720111050894,0.7993874425727412,-0.7993874425727412,-0.6304100085235617,0.9,-0.6439247427538584,-0.7990686845168801,-0.11504690034347646,0.530520595634566,-0.7,0.9987468584210181,0.9996734693877551,0.6509133267658362,0.8986547653432966,0.999760407307577,0.17902222094156955,-0.42440145703267307,0.05631317030261217,-0.8865187212363402,-0.6256057816364192,0.0553136048962671,0.3558392760372351,0.6334754154943439,0.09258122454434811,0.3047822794344949,0.4504052014278733,-0.23324269860423855,0.46611687299220617,0.5989540411133891,0.48974828665602477,-0.03415165863120402,0.5194647297525873,0.3134904783820419,-0.8981149081082661,-0.7,0.299667122890808
Fast_Migration,0,0,0,0,0,0,0,0,0,0,0,0,0,0,0,0,0,0,0,0,0,0,0,0,0,0,0,0,0,0,0,0,0,0,0,0,0,0,0,0,0,0,0,0,0,0,0,0,0,0,0,0,0,0,0,0,0
f4N_DNA,0.21225028649653957,0.20737635424082734,0.16153846153846155,0.1,-0.2874397694830675,-0.021171445851519394,0.10105198015731767,0.21812311425066927,0.1,0.21718213744155462,0.16,0.16296296296296298,0.2022292228181351,0.23417573711055195,-0.23248794279427817,0.22576318617516175,0,0.3223560811107407,0.20254018404927762,0.2570394237731447,0.1994088669950739,0.18134255638587476,0.15238095238095237,-0.15238095238095237,-0.23365703043717212,0.1,-0.24750778984926192,-0.16,-0.07898816968565449,0.23636379927775844,-0.1,0.20660703075957315,0.16103896103896104,0.29570174903158053,0.20612535612535615,0.16666666666666666,-0.037515675258958193,-0.24587598093575766,0.011213694979215833,-0.20687501946494752,-0.22112076236104908,0.009859927576844183,0.06565121795692903,0.297702885072478,-0.17857834371001707,-0.22994572203019953,0.357861885434514,0.04560883929341511,0.33419449827582676,0.24132140355324788,0.15984999242079334,0.07953162377667403,0.20046862889095302,-0.23136516668180168,-0.18800595238095236,-0.1,0.26065221388343607
Emi1,-0.36049300147550484,-0.36339993911031143,-0.3635214536118106,-0.2906976744186046,-0.3088992077032128,0.18959664876548835,0.19749114235574802,-0.4019655056134992,-0.2906976744186046,-0.3900602923162376,-0.3638095238095238,-0.36323613493424817,-0.3221393691398611,-0.41443151197149497,0.24315767592561038,-0.42842063501987726,0.2,0.4372113775187148,0.41417346274627426,0.14835216664592427,-0.39931015106461437,-0.23837108940046056,-0.34385130111524165,0.34385130111524165,0.41111494331253046,-0.2906976744186046,0.4440060989070198,0.3538654071293044,-0.1350887607228092,-0.42259736533314307,0.2865546218487395,-0.4186674496328342,-0.36120993080173025,0.4164589040003349,-0.41711287449687245,-0.36776723286787966,0.29960828811055756,-0.32182955779749056,-0.22217874043465632,0.3890139312191796,0.3926771460619291,-0.224127016047201,0.24759696046998053,0.4164825445061625,0.21232742713820812,0.24562231036431653,0.3475171505991609,-0.3584292337311335,0.3644633023445497,0.3795987936424461,0.3759587094157787,-0.09961151189740504,-0.30992412503583894,0.2445560887292888,0.38772089714642516,0.2912087912087912,0.32251789059623925
Ect2,-0.1911864228817968,-0.17637605464041783,0,0,0.2905677687615757,0.018116083781747904,-0.1025564919043492,-0.15833333333333335,0,-0.18194444444444444,0,0,-0.18477410668781563,-0.1948924731182796,0.22994572203019953,-0.16,0,-0.3223429691085547,-0.20587404077061686,-0.2569918073936143,-0.1,-0.17492454996909357,0,0,0.1948924731182796,0,0.2022792022792023,0,0.08165782004955333,-0.19556737588652484,0,-0.1,0,-0.299640915937414,-0.1,0,-0.0672927256365574,0.2495617736497786,-0.007942420821071435,0.15238095238095237,0.1854978354978355,0.09477661241155695,-0.07074835471252101,-0.29991678887821954,0.17649304391833456,0.22836760014179366,-0.36159650166138735,-0.04214061764917884,-0.338139694325719,-0.24514241270327758,-0.1643669325746942,-0.07772967618187321,-0.18427865360734874,0.22857406951550324,0.1,0,-0.2649372075473925
Ecadherin_mRNA_H,-0.6572535657484427,-0.6759973948166611,-0.8,-0.7,0.30864618336445404,-0.25508731392544487,-0.20226654484541454,-0.49179668541545174,-0.7,-0.5805124575909149,-0.8,-0.7,-0.7465521888805227,-0.5846014008454933,-0.29511910064482927,-0.7968736902357221,0.6,-0.593491030154278,-0.4944229608272545,-0.37482266613856396,-0.6990062111801242,-0.4967886089379621,-0.8,0.8,0.5826488565427058,-0.7,0.587184147219711,0.6,0.10558147989239294,-0.5843918869470283,0.7,-0.7995971802618328,-0.9,-0.5124908670244298,-0.7995749202975558,-0.8,-0.16294931767272627,0.3934450643856403,-0.04203028015682789,0.7947258958264094,0.6806658575474167,-0.042778477680974265,-0.333192570879292,-0.4873853577282053,-0.07712664980587075,-0.2749685534591195,-0.4152364851585767,0.20800247941339176,-0.42969794924303917,-0.45927680834204976,-0.45782006194505787,0.0310917254904281,-0.6343948140718279,-0.2887423496517287,0.8991675338189387,0.6,-0.2777060998233438
Ecadherin_mRNA,-0.5732057093177348,-0.5869269722814499,-0.7,-0.6,0.29499564791643995,-0.2491624043582751,-0.19855193555889133,-0.3969811320754717,-0.6,-0.48977631201605965,-0.7,-0.6,-0.6663018411753766,-0.49231713688610246,-0.2887423496517287,-0.6990062111801242,0.5,-0.548779200022832,-0.4715081387978584,-0.34713692316667644,-0.6,-0.45079435423001446,-0.7,0.7,0.4911929824561404,-0.6,0.4939893048128342,0.5,0.09783909440064684,-0.4921957888980038,0.6,-0.7,-0.8,-0.4873853577282053,-0.7,-0.7,-0.16247775040504248,0.37187994420676945,-0.042778477680974265,0.7978779840848806,0.5899378881987578,-0.044693057946069994,-0.33213338084813937,-0.44480108806528396,-0.08666765032160051,-0.24666666666666667,-0.38808626716412564,0.2067174800897072,-0.4024000916065499,-0.4266010993408167,-0.44189156674761926,0.04325458588104503,-0.5577467693790904,-0.2749685534591195,0.8,0.5,-0.2693471827147756
Cytokinesis,-0.20375904663266828,-0.19456927923263867,-0.1,0,0.2889440724745503,0.019861261190819268,-0.10172768519915616,-0.1948924731182796,0,-0.20265319306016982,-0.1,-0.1,-0.19523111675752902,-0.2182507441074733,0.23136516668180168,-0.1994088669950739,0,-0.3235051833745971,-0.20437462525042985,-0.2577374860231779,-0.16,-0.1789905261869685,-0.1,0.1,0.2179950586061862,0,0.22914181335233968,0.1,0.08017158642218097,-0.21973336449514974,0,-0.16296296296296298,-0.1,-0.297702885072478,-0.16296296296296298,-0.1,-0.0643685991913087,0.2478317538280394,-0.009859927576844183,0.1854978354978355,0.20655046707678287,-0.007942420821071435,-0.06753830152268618,-0.299640915937414,0.17808082177946025,0.22857406951550324,-0.3599887846195867,-0.04430819776076725,-0.3363373699932664,-0.24357330222290483,-0.16195134424585278,-0.07922110234262959,-0.19408770409126191,0.22994572203019953,0.15238095238095237,0,-0.2624922238640187
CyclinB,0.09692636785276885,0.09104413004304955,0.05465667686966056,0.0369811320754717,-0.29541540807122474,0.19122332523944463,0.18830769639669415,0.08438260857937016,0.0369811320754717,0.09278681191408404,0.05462616938385567,0.05468151992742156,0.09417933405198121,0.09525551438102585,0.15432005724120584,0.0852343882782235,-0.02,0.3625691262541837,0.3385580653908488,0.3387791037392421,0.07088970303570544,0.08971882338612389,0.05403499422684075,-0.05403499422684075,-0.09514219485672067,0.0369811320754717,-0.09722881827398158,-0.05439738164687837,-0.05572489396112603,0.09564214242616424,-0.036483516483516484,0.07138815493939168,0.05457501261140071,0.3356061381039027,0.07136315038172215,0.0549015968206373,-0.016765562091221473,-0.35845066251198643,-0.15534368415643382,-0.08322683262955508,-0.09332337109770766,-0.15655987643024577,0.15876253341537291,0.33773896207451826,-0.08845370487152068,0.15704647854696036,0.3908266863250564,-0.1595433673952667,0.3858912960329049,0.29969718256478933,0.29354524302227164,-0.009041029063656874,0.09352763637428634,0.1554101167214326,-0.07012054945684368,-0.03735537190082645,0.24378117406169525
CyclinA_mRNA,-0.44199059209249725,-0.43715660402962,-0.37997113997113996,-0.29393939393939394,-0.289782425499033,0.27926485691361524,0.18129515336415358,-0.4611835540112246,-0.29393939393939394,-0.46543485323316103,-0.3804703576678099,-0.3794728887209522,-0.3938138958173716,-0.48756676248972786,0.2208843632989304,-0.4864189111369571,0.2,0.4689915137308945,0.44325441117562037,0.2482513608432309,-0.43805437709046463,-0.2748978830654715,-0.3678397212543554,0.3678397212543554,0.48367303260719874,-0.29393939393939394,0.5156956276974861,0.3731659192825112,-0.11298404756317457,-0.4960584889864726,0.29058823529411765,-0.4525801184531244,-0.3784640646709613,0.4522907291776398,-0.4515158994736404,-0.3819535456083679,0.3026498985914724,-0.37479853691148535,-0.059722814007078816,0.4518161879955276,0.46684849799552486,-0.06187227249083334,0.2045825879821072,0.45142374286949877,0.22712577205519463,0.22301929397128362,0.36753877911117383,-0.29701815837961926,0.3945313206333226,0.402364528968015,0.4097470481216593,-0.05500176663105265,-0.3753336399117191,0.22230170877619923,0.43087769593789965,0.29411764705882354,0.27967413322988116
CyclinA,-0.44694276315878706,-0.4466834996874295,-0.4527657527657528,-0.37997113997113996,-0.2888418796524259,0.27775444431617435,0.1805260148549897,-0.4856417932888769,-0.37997113997113996,-0.47822149096081984,-0.45401961542759395,-0.4515158994736404,-0.39599455780069537,-0.5026281369185426,0.21951078551198236,-0.5199961123279396,0.29393939393939394,0.4714211323750592,0.4425585171486399,0.2501077231673252,-0.4864189111369571,-0.2727901584201746,-0.43087769593789965,0.43087769593789965,0.4978276164638034,-0.37997113997113996,0.5346830120540883,0.43805437709046463,-0.11217269806856314,-0.5123624657743203,0.37094999240006077,-0.5102473853876028,-0.45007289747853224,0.4512022750840157,-0.5085244464821874,-0.4562045577541169,0.299439770710326,-0.374017910261127,-0.057945989352251225,0.4766400702582046,0.4793887003658126,-0.059722814007078816,0.20145978855465882,0.4522907291776398,0.12512908301721082,0.22230170877619923,0.3673398691171671,-0.2950131803880217,0.3939543808878622,0.40158230718725835,0.4079188625591309,-0.053129834449691084,-0.37582021512569497,0.2208843632989304,0.4797026233210525,0.3778838808250573,0.27764378161751385
CHK1,0.13636954927404304,0.14741032891774222,0.1990530303030303,0.16363636363636364,0.39990882851423115,-0.12034320952401818,-0.21433644839173033,0.1899318245638416,0.16363636363636364,0.16197941945559605,0.19738863287250386,0.20057092665788318,0.12270937781976585,0.18491590021505772,-0.288852170441795,0.2043185371164579,-0.1,-0.4124430688311726,-0.3868353448574961,-0.38097285573582457,0.20297712647171534,0.08755527781499892,0.1764705882352941,-0.1764705882352941,-0.1838626895317036,0.16363636363636364,-0.20460831580502425,-0.1917293233082707,0.07210864388472416,0.18860515818851878,-0.15789473684210525,0.218276634701921,0.19677061677061677,-0.38868927953083976,0.21706875589087887,0.20796162262245416,-0.18313793377392906,0.39508792123383946,0.14765625696604184,-0.17409976118200407,-0.1669380960175704,0.14970243524140586,-0.08559347692032772,-0.39003836550513526,-0.08130444331492812,-0.2922604937230514,-0.5168766806888652,0.20251036406302664,-0.5320023253757383,-0.36060264596815483,-0.4424469781089523,0.021030909011313402,0.11991780969094872,-0.2904644728481969,-0.18495682676740421,-0.168,-0.28082237072010396
Cdk1,0.05153469052468068,0.04594796316572243,0.010564024390243903,0.0024390243902439024,-0.2939202325159957,0.04025358131588116,0.16888074734222575,0.03464905494277879,0.0024390243902439024,0.044801120466854576,0.010803197879126796,0.010343735706997854,0.0519531724806366,0.04309796431103618,0.16793767644965651,0.032754953965839564,0,0.36346297077500667,0.33809120193474224,0.32446259429590874,0.02242232486939186,0.05419858753083735,0.014130678841404088,-0.014130678841404088,-0.043206238424252766,0.0024390243902439024,-0.0413594241857506,-0.011687537268932619,-0.057846620720234866,0.04273710571338513,-0.002857142857142857,0.02011792410650488,0.01090783258957662,0.33758971398864746,0.020327520742902415,0.00927595844539366,0.021065101227035442,-0.3453922345287578,-0.13687790781706824,-0.036221747902550006,-0.04446425435211697,-0.13800916841004138,0.0389183305229376,0.33950773366307446,-0.05408809444282799,0.17040778892401792,0.3785322493812747,-0.1444568143108567,0.38081622644215396,0.3095690657342466,0.2925767051410838,0.0148064853478975,0.05196616537134946,0.16893406183298462,-0.024662955172094915,-0.002127659574468085,0.23113449356420812
Cdh1,0.14052535046927603,0.1496568233827654,0.24048772689261644,0.21637931034482757,0.16702985203171888,-0.260655261934192,-0.16314949291022945,0.20155746665026514,0.21637931034482757,0.17130756073161485,0.24076566974570981,0.24010173106899663,0.11719871202543616,0.19860534527998058,-0.14681734804163935,0.22597091184694706,-0.175,-0.3669752732992002,-0.34373737072419663,-0.26186308000620423,0.2260238935388291,0.06453267250379645,0.2011966473243069,-0.2011966473243069,-0.19652805558027664,0.21637931034482757,-0.22513525811899188,-0.22123462150817774,0.05998129293538503,0.20462368350556184,-0.19755446865273454,0.2524119252785292,0.23549499566430715,-0.23414583127070557,0.25026294259806353,0.2504161438298398,-0.1649907816007018,0.2421812730472676,0.23330240907070698,-0.18423838824754368,-0.1765118761718455,0.23455001618307736,-0.11873636098423561,-0.2362424320974706,-0.05620461772211398,-0.14948738889106128,-0.2732230311447398,0.09289248591129753,-0.28313772153008576,-0.21461549543019184,-0.30032202626566573,-0.09324187807311482,0.11185965250381909,-0.1479007704588357,-0.20623443069962172,-0.21926994906621392,-0.23509527784853348
Cdc25C,0.04622180234173324,0.03847753255351237,0.0024390243902439024,0,-0.2952910234025968,0.04144898884998669,0.16949980236277115,0.02412952873191917,0,0.03685963666330181,0.002564102564102564,0.002325581395348837,0.047318429383817306,0.034587235968744925,0.16893406183298462,0.02242232486939186,0,0.3648722677122944,0.3398247763894401,0.3253001057966635,0.011687537268932619,0.05254721740648201,0.0032258064516129032,-0.0032258064516129032,-0.03471129519262498,0,-0.032349479106338404,-0.002564102564102564,-0.05892422063542622,0.03413528386341264,0,0.010247853443181423,0.0024793388429752068,0.33950773366307446,0.010343735706997854,0.002040816326530612,0.022799817356771158,-0.34727663926979957,-0.13800916841004138,-0.02611563740126936,-0.03640288075250664,-0.1397946440170808,0.040498340485961015,0.34145861171037034,-0.053733649461633705,0.17230677702190944,0.480487199385714,-0.14557362204759827,0.3829458466129822,0.31185248150063094,0.2944450716361708,0.014616426488867148,0.04750398029634169,0.17040778892401792,-0.014130678841404088,0,0.2328082942376438
Cdc25B,-0.09795210673830212,-0.1103647298060538,-0.14166666666666666,-0.1,-0.2857224049194117,0.21164296074746192,0.18142900842344162,-0.14949448692596382,-0.1,-0.12284772955164018,-0.1391304347826087,-0.144,-0.08657783866358774,-0.1443099468692563,0.2654382565546992,-0.16016635792379502,0,0.5817116873807204,0.4585509264086218,0.3570718733855803,-0.1566742944317315,-0.05351687262236114,-0.12631578947368421,0.12631578947368421,0.1435960026005476,-0.1,0.16135939228835613,0.1391304347826087,-0.08587354388963778,-0.14717718794123782,0.1,-0.16726732673267325,-0.1408450704225352,0.458819378891792,-0.1665,-0.15,0.13406749747787855,-0.36796907754903857,0.017163537743823586,0.13449732746104742,0.12777545618899763,0.014762936974707078,0.26417284697392546,0.45908135676838047,0.04666012575542243,0.26873491270471783,0.49511442226578356,-0.16747041523839493,0.5032638651548078,0.42575354146052574,0.4117854146406497,-0.004282254891977944,-0.08445848651632851,0.26722870873683247,0.14070972886762362,0.1,0.248892031778559
Cdc25A,-0.3035326745869992,-0.30841174140480154,-0.3442024202420242,-0.2822222222222222,-0.18230746192794123,0.25215378059793275,0.19309396153598443,-0.3544326049401708,-0.2822222222222222,-0.33497556928908856,-0.34479604902140115,-0.34362234087634547,-0.26696921545298946,-0.36038774553616343,0.2959829023381192,-0.38247310209171437,0.2,0.47938640887629813,0.44811843643682386,0.3585514858323443,-0.36391310209171435,-0.19272117961349905,-0.3184932372645683,0.3184932372645683,0.3572309274707134,-0.2822222222222222,0.39090804711341975,0.33102336825141015,-0.10341517079938892,-0.36855044539687587,0.2748031496062992,-0.3869710632186022,-0.340971250494768,0.4613891662397239,-0.3850753323293369,-0.34965166703498546,0.2571005932121924,-0.37028360004657784,-0.12279434582675755,0.3400191833058451,0.3380568355267325,-0.12462376172016043,0.1826144058532442,0.4626119678034418,0.17295176355588843,0.29893017994804427,0.24366230863641647,-0.302275658705656,0.39814938801480104,0.42986056011950946,0.3186122267864609,0.05911673641894984,-0.2566957393770678,0.29740205172742523,0.3501702558981087,0.2831578947368421,0.2662816454542576
Cdc20,0.15237094396153364,0.16135565902280274,0.2,0.16,0.3254198775115555,0.001408619711455629,-0.049519099756880625,0.20210441567698986,0.16,0.17804846059855234,0.19858439201451905,0.20125960061443932,0.13509834657145117,0.20218731916924176,-0.1778678799197836,0.21798409272129599,-0.1,-0.4041232862414824,-0.3822860508501013,-0.10628167708798397,0.209784092721296,0.09174255166949635,0.17595959595959595,-0.17595959595959595,-0.2008762999862499,0.16,-0.22335596069461178,-0.1917408906882591,0.24717221546425386,0.20646128856659202,-0.15294117647058822,0.22580837421601757,0.197461568782026,-0.383559232448069,0.2245319583380166,0.20858447488584475,-0.17262660869706553,0.3589355083500567,0.21778789825839157,-0.18608156541469184,-0.1831200871031248,0.2194738352909312,-0.3198361368977084,-0.38383615566606355,-0.08317042888783188,-0.18015205404862475,-0.43444101742020597,0.19833016765671785,-0.43606721463666354,-0.35071635523227884,-0.34079700742132546,0.05199022051636326,0.13125399991257924,-0.17911290785531345,-0.1918991932750322,-0.16521739130434782,-0.3719373505679896
b_catenin_TCF4,0.8999340369393141,0.9,0.6,0.5,-0.2621573033707865,0.24306722689075627,0.21141868512110723,0.8,0.5,0.9,0.6,0.6,0.7998980285520054,0.9,0.27473684210526317,0.8,-0.4,0.4,0.3924050632911392,0.26952173913043476,0.7,0.7986024993024703,0.6,-0.6,-0.9,0.5,-0.9,-0.6,-0.06464646464646465,0.9,-0.5,0.7,0.6,0.4968680089485458,0.7,0.6,0.16129032258064516,-0.29037433155080217,0.11516093229744728,-0.8,-0.9,0.11176470588235295,0.3591069418386491,0.4,0.1730295566502463,0.1,0.292436974789916,-0.23270337922403006,0.29660056657223793,0.4,0.38981132075471703,-0.12090334722408927,0.7998711755233494,0.2,-0.7,-0.5,0.24750404471245774
ATR,0.1424256681846539,0.1540725413831426,0.16363636363636364,0.1,0.4010615713227478,-0.12210041435213766,-0.21525239206972774,0.19225425209393146,0.1,0.16772053827960584,0.1619047619047619,0.16521739130434782,0.12906884448643252,0.19031192797289453,-0.2904644728481969,0.20297712647171534,0,-0.40999680139103034,-0.3877827197964362,-0.3790900370178392,0.1917293233082707,0.09172110953410029,0.15294117647058822,-0.15294117647058822,-0.18954972164954953,0.1,-0.2085439907944445,-0.1619047619047619,0.07307284043542578,0.19345784449701098,-0.1,0.20121739130434785,0.16307692307692306,-0.39003836550513526,0.20057092665788318,0.16923076923076924,-0.18683016451561502,0.39613699310789363,0.14970243524140586,-0.17703039580144325,-0.17291046098274113,0.15220997899517774,-0.08910419662813508,-0.38931787474800245,-0.08347983660232375,-0.19353693427739133,-0.5173040810811902,0.20478593469530676,-0.5328520237939631,-0.36170001707526256,-0.4446244882411782,0.023040941619484317,0.12665584770711652,-0.2922604937230514,-0.1764705882352941,-0.1,-0.28318813618858474
ApicalBasal_Pol,-0.7348345374083618,-0.760653872038801,-0.89960069877714,-0.8,0.3157432553094825,-0.2572061262692204,-0.20374227053405125,-0.5836878563943795,-0.8,-0.6672431428811811,-0.8996235294117646,-0.7995749202975558,-0.819562167994006,-0.6732821826044509,-0.29729666818069855,-0.8929512426284152,0.7,-0.62148431176669106,-0.5067442191685319,-0.3924994097710324,-0.7968736902357221,-0.5343434334993656,-0.8991675338189387,0.8991675338189387,0.6704190667884861,-0.8,0.6770599648327549,0.6990062111801242,0.10933763221084558,-0.67298745188895015,0.8,-0.8985827564228727,-0.9995671776375114,-0.526662426778966,-0.8984947515211845,-0.89968534906588,-0.159981363349389,0.40516261440983714,-0.04358251132931222,0.8891601184575041,0.7675127407428979,-0.04203028015682789,-0.3307971608864639,-0.5124908670244298,-0.0703266342095047,-0.2887423496517287,-0.4303795046698477,0.2074796135986138,-0.44543644803238547,-0.4772043867448949,-0.46493532355437084,0.023241298223186553,-0.7031275964409739,-0.29511910064482927,0.8978646022228475,0.7,-0.28072303562484047
AMOT,-0.1834828725193231,-0.2965878177691804,-0.8989026063100137,-0.8,0.2984716772164188,-0.24427988863706526,-0.1938590590624188,-0.39388504336860763,-0.8,-0.2077626369984053,-0.7989730423620026,-0.698821796759941,-0.3099354702020772,-0.4590880369961063,-0.2796558716696066,-0.7746144590654466,0.7,-0.600900074917877,-0.48434548036704667,-0.3781977725570777,-0.6889677035862889,-0.08632202111896894,-0.6977715877437326,0.6977715877437326,0.31104783102033695,-0.8,0.341717269035292,0.596734693877551,0.10518374591081636,-0.21349986782976474,0.6,-0.7958451874968514,-0.8988309790550414,-0.4964831372229958,-0.7955564906374921,-0.7991374663072777,-0.1489993449296923,0.38836071300535935,-0.040764407713090554,0.861542824730573,0.3127850406534648,-0.03865294265515917,-0.3026081071379582,-0.4873477416221669,-0.05888093439862237,-0.27561006693036033,-0.4126236740204246,0.1914934109073272,-0.42577889525179946,-0.45281201757082,-0.441121158314777,0.01852975217330924,-0.18551847470231878,-0.2792118104495161,0.7939656886000599,0.5,-0.2670968690996483
A_Kinetochores,0.2418065083095568,0.2455948337613115,0.23968253968253966,0.17777777777777776,0.25115189761458817,-0.06598522675191346,-0.2883092747459265,0.2785811123921162,0.17777777777777776,0.26500571139530427,0.23876567020250725,0.24048582995951415,0.21796562577367543,0.28895002290296745,-0.20355523619624064,0.29538139046711465,-0.1,-0.328612427533047,-0.30835758136452485,-0.029287147373597992,0.2712868080067734,0.16182538506907163,0.22173076923076923,-0.22173076923076923,-0.2872414965308302,0.17777777777777776,-0.3119045130137843,-0.23347993402968664,-0.157513457358894,0.2941540031003795,-0.17333333333333334,0.2854010742450356,0.2378041730172912,-0.3192833954780603,0.28425989927915474,0.24557222712562518,-0.09117812712454035,0.16337337977634628,0.05256413698549215,-0.26357791827405086,-0.2695252989066546,0.05376615121248703,-0.21129334241101322,-0.3173542409965314,-0.14780441266483363,-0.2040134990252612,-0.27507965646551924,0.20293459905747485,-0.2405692162586872,-0.2028722966990304,-0.27391526601056204,0.125383721026607,0.2120207614237199,-0.20420003251103053,-0.25593556225909164,-0.18095238095238095,-0.1151129440627316
