Source,YAP,WT1,Wee1,UbcH10,U_Kinetochores,TRIO,TAZ,Stress_Fibers,SMAC,Replication,Rac1,PTEN_c,Plk1_H,Plk1,pAPC,PAK1,N_bcatenin,Mst1_2,miR_29c,Merlin,MCL_1,Mad2,Lats1_2,IQGAP1_LeadingE,IAPs,Horizontal_Pol,FoxM1,FocalAdhesions,Fast_Migration,f4N_DNA,Emi1,Ect2,Ecadherin_mRNA_H,DR4_5,Cytokinesis,Cyto_C,CyclinB,CyclinA_mRNA,CyclinA,CHK1,Cdk1,Cdh1,Cdc25C,Cdc25B,Cdc25A,Cdc20,Casp9,Casp8,Casp3,Casp2,BIM,BIK,BID,BCLXL,BCL2,BAX,BAK,BAD,ATR,ApicalBasal_Pol,AMOT,A_Kinetochores
YAP,0.8991195891415995,0.9,-0.297200908723445,0.2416573157861786,0.1922017385336528,0.9,0.8,0.7980784627702162,0.07591185362335895,0.27645113464202803,0.8454025727621766,-0.8,0.6073045749220122,0.48312844167533087,0.38299204139232396,0.7776154579162382,0.6526641224482952,-0.8,0.9,-0.6942168674698795,-0.2588432246947644,-0.1050049498581874,-0.7,0.8921525743769477,-0.07246319384102254,0.8987247608926674,0.49208034455413935,0.8915083068682117,0.89862148190695,0.14360490227342698,-0.3884852415856551,0.0426529933071972,-1,0,0.04049583176865253,0.07591185362335895,0.2936822463507681,0.4896812190929568,0.05331529326406237,0.2774314711343615,0.41428571434132405,-0.18683698341265387,0.42619149766418296,0.45188010150421254,0.4366078063211378,-0.013668109049584778,0.07517250794536885,0.0535819620793714,0.0670468489046761,-0.2236406850526862,0.07620152065042776,0.07620152065042776,0.029442020896980746,-0.02710814240578042,-0.03482202923995521,0.07690683681337979,0.07690683681337979,0.05384660854145116,0.2774401864908196,-0.9,-0.6,0.2640731716555466
WT1,0.7,0.6,-0.29499564791643995,0.2491624043582751,0.19855193555889133,0.6,0.7,0.6,0.05312280701754386,0.2887423496517287,0.7,-0.5,0.5487434410383872,0.47147937156651876,0.34713692316667644,0.6,0.7,-0.7,0.6,-0.5,-0.25921524590697526,-0.09783909440064684,-0.6,0.7,-0.035789473684210524,0.8,0.48691607908678264,0.7,0.7,0.16247775040504248,-0.37187994420676945,0.042778477680974265,-0.8,0,0.044693057946069994,0.05312280701754386,0.3320713194090678,0.444688832054561,0.08666765032160051,0.24666666666666667,0.38808626716412564,-0.2067174800897072,0.4024000916065499,0.42649641198818067,0.4418407534897818,-0.04325458588104503,0.036279069767441864,0,0.02,-0.2210016977928692,0.06753509795526602,0.06753509795526602,0.025599756214357235,-0.02777180339720341,-0.03283215342038871,0.0655195012324199,0.0655195012324199,0,0.2749685534591195,-0.8,-0.5,0.2693471827147756
Wee1,0.041495327102803736,0.02,0.26768236498594,-0.012433093590631649,-0.12727940446150857,0.02,0.02,0.04183908045977012,-0.07470032254478463,-0.12983369287966234,0.07778181062023856,0,-0.42493332188017474,-0.39761245324758654,-0.31424963361514785,0.06398268398268399,0.07742076607239975,0,0.02,-0.04207792207792208,0.1831133156883715,0.07687467774257034,-0.02,0.063660712338328,0.07607556422838982,0.04183908045977012,-0.2975590812647287,0.06369594699748772,0.04164948453608248,0.04028219319727177,0.3049444522122775,0.05723871396324046,-0.02,0,0.05888819565330354,-0.07470032254478463,0.00977182183283647,-0.3002037295300978,0.09509933362590933,-0.13333193590366896,-0.43900936328282525,0.092663247020675,-0.3379674876662498,-0.2678891666468818,-0.24956027861939578,-0.03155720892806084,-0.08292600981384904,-0.07742076607239975,-0.08409343604088243,0.15466982680723984,-0.07375576036046749,-0.07375576036046749,-0.03724688048684754,0.04000050153967024,0.05006479139133056,-0.0733039186803707,-0.0733039186803707,-0.07856062338655169,-0.1312571290835119,-0.02,-0.02,-0.18199543822146028
UbcH10,-0.1,0,0.31865943468163654,-0.06820838674523352,-0.19918057731239763,0,0,-0.1,0.0611377904789806,-0.2500005799499402,-0.10209411185020942,0,-0.4910124899866011,-0.46752581635659685,-0.25117786979509243,-0.11219512195121953,-0.10153522347406216,0,0,0.1,0.21341337813454703,0.12036495254986505,0,-0.11627906976744187,-0.06578916358361389,-0.1,-0.4764599965006539,-0.11627906976744187,-0.1,-0.33551666022002813,0.3964040490373815,0.0619357455425257,0,0,0.0639155763267186,0.0611377904789806,-0.22878236783106373,-0.4742867389089275,-0.26481541357342747,-0.25121018596797673,-0.38751414410747703,0.3210201306765847,-0.4185777687578531,-0.4279222200783385,-0.43458733728027443,0.0955830999964622,0.07380267034981673,0.10153522347406216,0.08831745532671656,0.11486233874801237,0.04271682374513637,0.04271682374513637,0.07141337514240503,-0.08222530435350978,-0.08118935011770345,0.05955268301118695,0.05955268301118695,0.10777332264100507,-0.251156199159536,0,0,-0.30162588892432135
U_Kinetochores,-0.2966480446927374,-0.2,0.24406410750915408,-0.16137777945544965,-0.04181708597166138,-0.2,-0.2,-0.2949579831932773,0.36977857168306827,-0.2588074735614617,-0.42727083689890444,0.1,-0.3593032753621015,-0.3458791872373578,-0.13023086188488447,-0.37040504946678654,-0.41759507914713134,0.1,-0.2,0.29337016574585634,-0.14575864458885499,0.06482456447623165,0.2,-0.37854500223257,-0.367467617619464,-0.29525691699604745,-0.34346525715459086,-0.37787255605759895,-0.2958041958041958,-0.11796726585217898,-0.07179395032075901,-0.13779595620569182,0.2,0,-0.13683089067048132,0.36977857168306827,-0.1506915720839347,-0.3402580688552533,-0.2391014601793255,-0.25840394518212645,-0.21170780837056086,0.32553000768544077,-0.22371750020774406,-0.22704682174113397,-0.31627498319172204,0.039936262407781954,0.42984852420218217,0.4173206059640971,0.4442391696815343,0.21965985406908609,0.3277328358194692,0.3277328358194692,0.3161789960863895,-0.33926093999641244,-0.3877531584426857,0.3725343132415232,0.3725343132415232,0.42830237341847044,-0.2592219902949084,0.2,0.2,0.08096979011492997
TRIO,0.8,0.7,-0.33506304273112614,0.28705694452976227,0.2359276510324079,0.7,0.7,0.8,0.054014099108438726,0.32936468118139633,0.9,-0.6,0.5684794625814928,0.5065921432894747,0.3776830744426968,0.8,0.6,-0.6,0.7,-0.7,-0.30180399624295373,-0.10597670381063637,-0.6,0.9,-0.0369811320754717,0.8,0.6225061068932926,0.9,0.8,0.202709705753184,-0.4022958291943519,0.0786961237779108,-0.7,0,0.08397271952259164,0.054014099108438726,0.3840394624914455,0.5669968752077654,0.14117476891475522,0.26595744680851063,0.41775314798507335,-0.2596626678632428,0.4309581438579643,0.5532525510204082,0.4838466328192356,-0.07595194753340648,0.03724137931034483,0,0.02,-0.27214022501862084,0.07132342639790505,0.07132342639790505,0.02178317912203167,-0.0257032114616547,-0.029826208393695663,0.06827402690627267,0.06827402690627267,0,0.30661678746785126,-0.7,-0.7,0.3061041429315624
TAZ,0.8,0.7,-0.33202182365483507,0.28305030928779534,0.23104399364837241,0.7,0.7,0.7,0.05384458077709612,0.3268460331181323,0.8,-0.6,0.5676850585195319,0.5054447205598838,0.3747986639497617,0.7,0.7,-0.7,0.7,-0.6,-0.2971140321593378,-0.10489826840719393,-0.7,0.9,-0.03666666666666667,0.9,0.6227174551369535,0.8,0.8,0.19707375137460575,-0.40003967077957003,0.07235892149777659,-0.7,0,0.0771431616478704,0.05384458077709612,0.38442034807173786,0.5666309197801567,0.13495022463371603,0.26279069767441865,0.41564327950285607,-0.25491331810406953,0.4294971489304271,0.5525824840214199,0.48269983699267227,-0.07075638296479583,0.0369811320754717,0,0.02,-0.2663386295433415,0.07079461604461604,0.07079461604461604,0.022345757024920688,-0.026083806714161672,-0.030312820225984083,0.06781772846481368,0.06781772846481368,0,0.30368138593352795,-0.8,-0.6,0.3021471554886602
Stress_Fibers,0.9,0.8,-0.29856125310767223,0.24427988863706526,0.1938590590624188,0.8,0.8,0.7,0.07256134437347714,0.2796558716696066,0.783851331200917,-0.7,0.600900074917877,0.48434983764341755,0.3781977725570777,0.6958762886597938,0.6434149813781445,-0.7,0.8,-0.6,-0.26041615363668724,-0.10518374591081636,-0.6,0.798750650702759,-0.06509555020334032,0.9,0.4964581756664204,0.7986516853932584,0.9,0.1489993449296923,-0.38836071300535935,0.040764407713090554,-0.9,0,0.03865294265515917,0.07256134437347714,0.3026081071379582,0.4873477416221669,0.05888093439862237,0.27561006693036033,0.412630936447164,-0.1914934109073272,0.42577889525179946,0.45281201757082,0.441121158314777,-0.01852975217330924,0.06645531264123858,0.036483516483516484,0.0535819620793714,-0.2243735167115028,0.07602271358336583,0.07602271358336583,0.029675726864395825,-0.028140641536301088,-0.03545730474215943,0.07613346254300793,0.07613346254300793,0.03683168316831683,0.2792118104495161,-0.8,-0.5,0.2670968690996483
SMAC,-0.6,-0.5,-0.5651928676033755,0.021452214477394475,0.17432010983308158,-0.5,-0.5,-0.6,0.5283996586179428,0.15928460560429653,-0.7987012987012987,0.4,0.4352723200898486,0.45240467231164105,0.36032580202864856,-0.7,-0.7979247730220493,0.4,-0.5,0.6,-0.5573152742458634,-0.09700081067990385,0.5,-0.7,-0.5645058533082083,-0.6,0.2871678384422023,-0.7,-0.6,-0.02994615657485817,-0.3605262713478472,-0.09652490157422255,0.5,0,-0.09849613226148947,0.5283996586179428,0.014515473659617728,0.2810728920409772,-0.10134791742737204,0.15598731165741475,0.5103790734619629,-0.1514830089830564,0.3897161187130668,0.25888110611287485,0.29659810291406075,-0.008539540284810835,0.8750712586560754,0.7976261127596439,0.8912017678737605,0.347130668049011,0.5472250762016232,0.5472250762016232,0.5317826169363399,-0.5541157167795664,-0.590941469314024,0.5741575232509266,0.5741575232509266,0.7981220657276995,0.16022183934471118,0.5,0.5,0.24173750557363566
Replication,-0.025,0,0.33150147090343907,-0.0322920713911475,0.0819508324888755,0,0,-0.025,0.04786446531826899,-0.05655234363968421,-0.054820200513712815,0,-0.3146695237598055,-0.34378954345797935,-0.2456721801632956,-0.044753086419753084,-0.0545875557478933,0,0,0.025,0.023160541101385657,-0.006992974207824802,0,-0.04522471910112359,-0.04879951926368892,-0.025,-0.15180264577900607,-0.04522471910112359,-0.025,0.196862083959721,0.06947284794889727,0.09933892513954805,0,0,0.10028997976128569,0.04786446531826899,-0.019270949123098978,-0.15142920263320175,-0.0031772641743557976,0.042163127600589226,-0.2546966738333949,0.16421284245522566,0.00923051230373487,0.12079645459883533,-0.21503368680033552,0.0685161630639713,0.0553808431527897,0.0545875557478933,0.05814939573357435,0.13929270477092356,0.035501448283928976,0.035501448283928976,0.05592996260297426,-0.05167655352324234,-0.05555020402385541,0.04778471819515678,0.04778471819515678,0.05641058958051805,0.04270224002873732,0,0,0.10445678855827405
Rac1,0.9,0.8,-0.35572220064177695,0.2977981594963294,0.2428145962867001,0.8,0.8,0.9,0.06827402690627267,0.3411964702049174,0.8993702440304382,-0.7,0.6258766785089774,0.5393134675728869,0.4138834392525747,0.9,0.697080291970803,-0.7,0.8,-0.8,-0.3176078109568502,-0.11715079287946228,-0.7,1,-0.054014099108438726,0.9,0.6590496344311225,1,0.9,0.20765193938604667,-0.4333542371671033,0.07640155013449994,-0.8,0,0.0786961237779108,0.06827402690627267,0.390006082797426,0.6225061068932926,0.13195979166058516,0.30661678746785126,0.4549086543492128,-0.2654780337909683,0.46987299081133516,0.5986540763680976,0.508422715751483,-0.06287579228709092,0.05433739804570783,0.02,0.03735537190082645,-0.2864426321230845,0.08124765941243742,0.08124765941243742,0.026420044809225586,-0.028281480338266118,-0.03382150804116922,0.07875943299764324,0.07875943299764324,0.02,0.32936468118139633,-0.8,-0.8,0.3205257337055489
PTEN_c,0,0,0,0,0,0,0,0,0,0,0,0,0,0,0,0,0,0,0,0,0,0,0,0,0,0,0,0,0,0,0,0,0,0,0,0,0,0,0,0,0,0,0,0,0,0,0,0,0,0,0,0,0,0,0,0,0,0,0,0,0,0
Plk1_H,0.2,0.1,-0.2117910140670428,-0.061851003056852386,-0.14838999067842354,0.1,0.1,0.2,-0.3332830051357243,-0.02717572822153288,0.32319968783533315,0,0.46095706824525723,0.3286556024784194,0.3269536930969323,0.27313432835820894,0.3194722842855623,0,0.1,-0.2,0.03456115496652161,-0.13104425494675354,-0.1,0.27906976744186046,0.3249913238345598,0.2,0.21522213027140036,0.2785714285714286,0.2,-0.3114194230992217,-0.21940139008450726,0.3276885889181341,-0.1,0,0.3260431167942094,-0.3332830051357243,-0.12763433962134665,0.2202901021018337,-0.20966221464039675,-0.022624099384322697,0.16069410097858863,0.16727782317151144,0.22781038538151016,0.05915945982249784,0.053962082180296723,0.18593219563275343,-0.3537998123695126,-0.3194722842855623,-0.34902714970999293,-0.06828720660041038,-0.3088858675681655,-0.3088858675681655,-0.30295235210567195,0.3121925702842084,0.33956271175778896,-0.33866618962130024,-0.33866618962130024,-0.32791955992424926,-0.02557050858371519,-0.1,-0.1,0.07153837224302459
Plk1,0.28217821782178215,0.2,-0.09523588338338404,-0.06018797276568626,-0.12415318646598592,0.2,0.2,0.27391304347826084,-0.310616976327093,-0.07401582136958451,0.3395398178506375,-0.1,0.32667753151160134,0.0933050940244872,0.2985168198980705,0.3113066666666667,0.3310033739480458,-0.1,0.2,-0.26666666666666666,0.03551688959666295,-0.10591451235077454,-0.2,0.3277767216797719,0.30593409047526265,0.2756756756756757,0.09425929969949817,0.32622265646203114,0.2777777777777778,-0.20072899526864188,-0.19935799030609702,0.10876656761548516,-0.2,0,0.10842587555660677,-0.310616976327093,-0.13453552481807426,0.09684949331324624,-0.18537995581499578,-0.072199730451449,0.13278886997615624,0.15572447739015127,0.12348771596886612,0.05980100294931782,0.038449382177336386,0.164561017155163,-0.3397530295342054,-0.3308073051774298,-0.34614987077509746,-0.04609531204276214,-0.2898599381168355,-0.2898599381168355,-0.2842099384329908,0.2874841017321238,0.3157063640019169,-0.3134676940810625,-0.3134676940810625,-0.3431859351559334,-0.07351358101254049,-0.2,-0.2,0.04033586181220869
pAPC,0.16435643564356436,0.1,0.3179769840304934,-0.15021398174908066,-0.06621892376644035,0.1,0.1,0.1595505617977528,-0.22190779087994067,-0.24417646414731542,0.21849148587713363,0,-0.4215842053550947,-0.39879639203667916,-0.07844086545624326,0.1928802824591417,0.216846677575544,0,0.1,-0.1566265060240964,0.23976868506460058,0.2647556962862728,-0.1,0.1995243494779625,0.21923211034927353,0.1595505617977528,-0.4020066117935511,0.19904858029180827,0.16210526315789475,-0.27594316352398973,0.3863640745828817,0.21573868923609388,-0.1,0,0.21756668770679247,-0.22190779087994067,-0.34317068423441477,-0.4020842728655257,-0.190276229910185,-0.24652463536174146,-0.4471097318866578,0.2167983271665314,-0.45263296865431724,-0.3643042742157352,-0.3588627428108353,0.15813030856916285,-0.2347819855056387,-0.216846677575544,-0.23288095984437557,0.28489896916879054,-0.2046387582689238,-0.2046387582689238,-0.10054059072743263,0.18588081447496146,0.20169846470826264,-0.22260717406052274,-0.22260717406052274,-0.22365639740769824,-0.24550018382989647,-0.1,-0.1,-0.39928116294637206
PAK1,0.9,0.8,-0.3295166644404075,0.27492247237369083,0.22253306759774158,0.8,0.9,0.7,0.06718202244647314,0.3132524274874773,0.7984924623115578,-0.7,0.6054975827548017,0.5110625252091834,0.39352474316788544,0.7,0.5930434782608696,-0.6,0.8,-0.7,-0.2937993139070836,-0.1112920972781963,-0.7,0.8,-0.053610188261351055,0.8,0.6255183584965851,0.8,0.8,0.18591423565448076,-0.41031508363884817,0.06204063054095118,-0.8,0,0.06303575645484233,0.06718202244647314,0.34966476210221753,0.5983183584965851,0.10519384575151287,0.2899877600979192,0.43218760799172184,-0.23639647581268086,0.44572909825988277,0.5721224805513244,0.4765963619721673,-0.04736812664855188,0.0539727755295107,0.02,0.03711711711711711,-0.26251540074063323,0.07819168683771717,0.07819168683771717,0.02710141182104664,-0.028147739129447985,-0.03408430783173848,0.07639187627454225,0.07639187627454225,0.02,0.3060516793578015,-0.7,-0.8,0.2977147708272042
N_bcatenin,0,0,0,0,0,0,0,0,0,0,0,0,0,0,0,0,0,0,0,0,0,0,0,0,0,0,0,0,0,0,0,0,0,0,0,0,0,0,0,0,0,0,0,0,0,0,0,0,0,0,0,0,0,0,0,0,0,0,0,0,0,0
Mst1_2,-0.9,-0.8,0.30895151754645334,-0.25704561897485234,-0.2063367874855917,-0.8,-0.8,-0.7,-0.06612735087524785,-0.2925155467647972,-0.6970112079701121,0.7,-0.5891780287089112,-0.4895577921465975,-0.37692510373004445,-0.6,-0.5872340425531914,0.6,-0.8,0.5,0.27424017602396916,0.10643322447023958,0.6,-0.7,0.0532751171982719,-0.8,-0.6007798809353709,-0.8,-0.7,-0.1680528860969486,0.3923913311134933,-0.04999282034446217,0.8,0,-0.050093423966192555,-0.06612735087524785,-0.32129945702864104,-0.5794730319176786,-0.08367562110239854,-0.2761363636363636,-0.41408697632302277,0.21300106448158043,-0.42691201678655954,-0.5520552295210949,-0.4527834635873352,0.035274774715178946,-0.05366013071895426,-0.02,-0.03683168316831683,0.2418040193069207,-0.07556876363169042,-0.07556876363169042,-0.02776032312844242,0.028147434215161176,0.034365473724277736,-0.0743141916587737,-0.0743141916587737,-0.02,-0.2879376058723885,0.7,0.5,-0.2796842834313412
miR_29c,0,0,0,0,0,0,0,0,0,0,0,-0.1,0,0,0,0,0,0,0,0,0,0,0,0,0,0,0,0,0,0,0,0,0,0,0,0,0,0,0,0,0,0,0,0,0,0,0,0,0,0,0,0,0,0,0,0,0,0,0,0,0,0
Merlin,-1,-0.9,0.3374304430983403,-0.27740100511017907,-0.22416687397195428,-0.9,-1,-0.8,-0.07639187627454225,-0.31572660616519216,-0.8927056828768816,0.8,-0.6359232922706614,-0.5246784182407589,-0.4128272832558661,-0.7984924623115578,-0.6706103462505159,0.7,-0.9,0.7,0.29924772144464684,0.11573003375037474,0.8,-0.8995361422497101,0.06718202244647314,-0.9,-0.640279362908301,-0.8995022812111158,-0.8,-0.18317398388905243,0.42343891677083956,-0.06323925088891315,0.9,0,-0.06204063054095118,-0.07639187627454225,-0.3471817725400359,-0.6255183584965851,-0.09755382715983266,-0.3060516793578015,-0.4491675702271585,0.23573069685129605,-0.4630277690964738,-0.5917048835445053,-0.48458041294799575,0.03850527464309961,-0.06819274791791383,-0.03711711711711711,-0.054146566540932736,0.2685056623191634,-0.0824959851411762,-0.0824959851411762,-0.028868532365700222,0.02833176674879978,0.03530018905050528,-0.08159344897428075,-0.08159344897428075,-0.03735537190082645,-0.3132524274874773,0.8,0.9,-0.3013373850183037
MCL_1,0.4,0.3,0.5712713424840978,-0.020064542154094395,-0.22198808329892045,0.3,0.3,0.4,-0.8941176115474473,-0.18333770205329838,0.6,-0.2,-0.38146395104226427,-0.45736646631783284,-0.3361181502256812,0.5,0.6,-0.2,0.3,-0.4,0.5669640979615551,0.08978484202364798,-0.3,0.5,0.7986754966887417,0.4,-0.3086424267753282,0.5,0.4,0.01998519615099926,0.3569457758841746,0.12190943433253201,-0.3,0,0.09944954128440367,-0.8941176115474473,-0.052044047619047615,-0.25784313725490193,0.08088219987926476,-0.1,-0.481647529882824,0.21327462491846055,-0.37225318197454416,-0.2524554776038856,-0.32401960784313727,0.09344112983517092,-0.7992982456140351,-0.6,-0.7,-0.4678335644021918,-0.9791498545165555,-0.9791498545165555,-0.9759792147038162,0.9490681635368323,0.9599444270206885,-0.9847052140753483,-0.9847052140753483,-0.6,-0.15428571428571428,-0.3,-0.3,-0.2797781967136806
Mad2,-0.2,-0.1,-0.3283597458356341,-1.2622017579666314e-4,0.05023267602643876,-0.1,-0.1,-0.2,0.3420559590153133,0.17912102271611463,-0.3308751229105211,0,0.40024961131468845,0.382531167607195,0.10350329783077869,-0.2777777777777778,-0.32736168032786883,0,-0.1,0.2,-0.3149244660922985,-0.24759260418276746,0.1,-0.28250000000000003,-0.33538840511592555,-0.2,0.38394859934651543,-0.28205128205128205,-0.2,0.1758075261719981,-0.3589788927781622,-0.21949013443869064,0.1,0,-0.2212345659809687,0.3420559590153133,0.32299757847876387,0.3816098819154992,0.08556102732584253,0.1800363741664079,0.43425403257857936,-0.20036691027805498,0.4357268756639197,0.3504130332619233,0.34219598816665664,-0.15433886028989754,0.3640686893110042,0.32736168032786883,0.3589183126719028,-0.16902027412450207,0.3199062114315644,0.3199062114315644,0.3364025093000278,-0.206792936817657,-0.23672097897663424,0.3453234453454755,0.3453234453454755,0.33514873140857393,0.18015205404862475,0.1,0.1,0.3736890147003299
Lats1_2,-1,-0.9,0.3145714190852076,-0.2581285732741809,-0.20710373987962086,-0.9,-0.9,-0.8,-0.0743141916587737,-0.29345914841972937,-0.7869472420852507,0.8,-0.6140172995658812,-0.499608595605692,-0.3929652873505621,-0.6970112079701121,-0.6521149949341438,0.7,-0.9,0.6,0.27788735212654386,0.10963768840009211,0.6,-0.7990794016110472,0.06612735087524785,-0.9,-0.6114099754390694,-0.899011939069576,-0.8,-0.16412628408135627,0.40222409394967906,-0.051797206829346576,0.9,0,-0.04999282034446217,-0.0743141916587737,-0.3174825609615386,-0.6007798809353709,-0.07651827540549909,-0.2879376058723885,-0.42725220291445287,0.21130341270201397,-0.4401186399922645,-0.5666368178862818,-0.4577981705247051,0.02733104356325667,-0.06731408317887685,-0.03683168316831683,-0.05384660854145116,0.246294847896421,-0.0787991268152152,-0.0787991268152152,-0.02896686138718129,0.027889799904332956,0.03505715398528915,-0.07849549793887703,-0.07849549793887703,-0.03711711711711711,-0.2925155467647972,0.8,0.6,-0.2814226829343076
IQGAP1_LeadingE,0.9,0.8,-0.34736435247042835,0.2890617628379823,0.23400680529205617,0.8,0.8,0.8,0.06762540413173326,0.3326847465501609,0.8992949471210341,-0.7,0.6215582846266385,0.5329886803355578,0.40675785195420594,0.8,0.796734693877551,-0.8,0.8,-0.7,-0.3082485849989735,-0.11466513028754692,-0.7,0.9,-0.053755274261603384,1,0.6542998555615452,0.9,0.9,0.19786996365214982,-0.4261252162992702,0.06779827819443593,-0.8,0,0.0697941611265043,0.06762540413173326,0.38277337847737924,0.6186234536097738,0.1207988583987328,0.29937223422867143,0.4480116924926163,-0.2551556689065266,0.4636608730867969,0.593801588530531,0.5018035169812094,-0.05501900209343805,0.05409343154071235,0.02,0.03711711711711711,-0.27607852405703104,0.07999182553110992,0.07999182553110992,0.026937685639222414,-0.028555332240713615,-0.03422086740322983,0.07765924662693127,0.07765924662693127,0.02,0.3211958515679838,-0.9,-0.6,0.311906443087114
IAPs,0.7,0.6,0.5732617201637142,-0.018843518825220562,-0.17355554208691806,0.6,0.6,0.7,-0.5741575232509266,-0.15674012898038256,0.8950146627565981,-0.5,-0.4475422261956255,-0.4560418740589027,-0.3703862748158943,0.7987012987012987,0.8922126347281749,-0.5,0.6,-0.7,0.5694194174427591,0.09735542060898186,-0.6,0.7994108983799706,0.5283996586179428,0.7,-0.2878706877524767,0.7993767043241138,0.7,0.037025259933855234,0.3639911622579225,0.0934465961397655,-0.6,0,0.09652490157422255,-0.5741575232509266,-0.0067517292316831064,-0.2871678384422023,0.10792145685095811,-0.16022183934471118,-0.51908781086224,0.14753806693879928,-0.39478938977314043,-0.2611072082516789,-0.2950605629779585,0.002357885518745023,-0.9490413344912876,-0.8912017678737605,-0.9790618501782873,-0.35529134087743097,-0.5723656384506193,-0.5723656384506193,-0.5562786618457556,0.5687467070197243,0.6091505220946766,-0.604567492709428,-0.604567492709428,-0.8925957499382259,-0.15928460560429653,-0.6,-0.6,-0.23960963023772205
Horizontal_Pol,0.9,0.8,-0.3530434672405387,0.2940779958199399,0.23819245063647018,0.8,0.8,0.8,0.06781772846481368,0.3392041174193199,0.8993543179983858,-0.7,0.6253918254368251,0.5386925701084225,0.4110370194813654,0.8,0.7971049457177323,-0.8,0.8,-0.7,-0.3131215181231556,-0.11600937951830506,-0.8,1,-0.05384458077709612,0.9,0.6600414457942776,0.9,0.9,0.20244477610958808,-0.43133124505894915,0.07003294382034624,-0.8,0,0.07235892149777659,0.06781772846481368,0.3910920921692245,0.6227174551369535,0.12612707186127398,0.30368138593352795,0.45306286925889444,-0.26117217300864487,0.46874109212173876,0.5985521957947466,0.5079207530850922,-0.05785940387881596,0.0541686320754717,0.02,0.03711711711711711,-0.2807455181180748,0.08067031608559405,0.08067031608559405,0.026894857517644415,-0.028677971527853473,-0.034251769448173694,0.07816376132045856,0.07816376132045856,0.02,0.3268460331181323,-0.9,-0.7,0.3168784038552427
FoxM1,-0.03735537190082645,-0.02,-0.28324194172736916,0.2309877551236179,0.1846564151343887,-0.02,-0.02,-0.03683168316831683,0.07504710251847657,0.2626589241311167,-0.06708455873257393,0,0.589764427344493,0.46385740701887335,0.3728762511164536,-0.0535819620793714,-0.06687429648894436,0,-0.02,0.036483516483516484,-0.2480880112128166,-0.10070825340829452,0.02,-0.05397454031117397,-0.0745929507496165,-0.03683168316831683,0.3639024532336816,-0.053933132443679144,-0.03711711711711711,0.13277358245789547,-0.3742793709224588,0.043304760127630244,0.02,0,0.04133631564524973,0.07504710251847657,0.26941366600067973,0.46542003005440513,0.04447380384238621,0.26595930315321653,0.3993437751110148,-0.17360642897639983,0.40889935703033,0.4286632873288213,0.4154346726264547,-0.009741791827439271,0.07884375130701739,0.06687429648894436,0.07590585252811737,-0.21444067903497888,0.07306795730914645,0.07306795730914645,0.0280520685356332,-0.025195781724864787,-0.033039117245063705,0.07441610743439295,0.07441610743439295,0.06768457685932527,0.2642116382058047,0.02,0.02,0.25199229679912805
FocalAdhesions,1,0.9,-0.33755825277351337,0.27550858647950666,0.22061287957827735,0.9,0.9,0.9,0.07578492761952274,0.3170579501303247,0.9947378666254508,-0.8,0.6406440510162389,0.5292076829419874,0.41192684237182553,0.8988286969253295,0.777917199766226,-0.8,0.9,-0.8,-0.2960453269553196,-0.11504690034347646,-0.7,0.9996429634037488,-0.06663899621400828,1,0.6506294071913901,0.8996157540826129,1,0.17902222094156955,-0.42439274398105037,0.05630702349803042,-0.9,0,0.0553136048962671,0.07578492761952274,0.3557789607882279,0.6333246110325694,0.09257109313721949,0.3047822794344949,0.4503986485056523,-0.23323039057224185,0.4660977391491774,0.598827842057556,0.48969272747530945,-0.03414652480386972,0.06772338728060179,0.03683168316831683,0.05397454031117397,-0.2625270277880686,0.08214598493719685,0.08214598493719685,0.029601257745206888,-0.029083091524825244,-0.036061653113937164,0.08112271423100154,0.08112271423100154,0.03711711711711711,0.3134904783820419,-0.9,-0.7,0.29966104964451346
Fast_Migration,0,0,0,0,0,0,0,0,0,0,0,0,0,0,0,0,0,0,0,0,0,0,0,0,0,0,0,0,0,0,0,0,0,0,0,0,0,0,0,0,0,0,0,0,0,0,0,0,0,0,0,0,0,0,0,0,0,0,0,0,0,0
f4N_DNA,-0.18518518518518517,-0.1,-0.2900709594754013,-0.02117135680004488,0.10109757826015564,-0.1,-0.1,-0.1826086956521739,0.24508129114172247,-0.23248219677390103,-0.2682053267989462,0,0.3224677679744298,0.20287373292754446,0.257147755399198,-0.23483839131507525,-0.26505387083946025,0,-0.1,0.18095238095238095,-0.17558162826719598,-0.07899455927702458,0.1,-0.2419234708127735,-0.24492458377056256,-0.1826086956521739,0.29580240957725384,-0.2413939451098746,-0.184,-0.037515675258958193,-0.24597842634882255,0.011202290544603307,0.1,0,0.009859927576844183,0.24508129114172247,0.06565874056154705,0.297739456956309,-0.17858398143130239,-0.22994572203019953,0.3585780753976738,0.045555958713474905,0.33434230710715906,0.24134641446416288,0.15991950109417166,0.07950356484831941,0.27409169649446563,0.26505387083946025,0.2809373399766407,0.024696314019892526,0.2116522970055446,0.2116522970055446,0.17232454003209227,-0.20741548447834454,-0.23463311534848685,0.24508129114172247,0.24508129114172247,0.2743701615229734,-0.23136516668180168,0.1,0.1,0.26071604287161965
Emi1,-0.038461538461538464,0,-0.30923860463500263,0.18959717122492442,0.1974940528393812,0,0,-0.038461538461538464,0.1079659921649613,0.24315854780004123,-0.08966183229035515,0,0.4372303324538551,0.4142079385412627,0.14835824556809213,-0.06755852842809365,-0.08946149592691607,0,0,0.038461538461538464,-0.22122407431291508,-0.1350887607228092,0,-0.06830769230769232,-0.10515241304090502,-0.038461538461538464,0.4165228929601157,-0.06830769230769232,-0.038461538461538464,0.29960828811055756,-0.3218352767978795,-0.22217815025640958,0,0,-0.224127016047201,0.1079659921649613,0.24760398686656354,0.4165185341710137,0.21232829072413914,0.24562231036431653,0.34757731803870606,-0.3584334825624572,0.36447298835913544,0.3796226482800279,0.37596959535625085,-0.09961432836746223,0.11139778022647495,0.08946149592691607,0.10482107435221055,-0.13185740321050066,0.10062679598741697,0.10062679598741697,0.05891922812689424,-0.06010314460550834,-0.06925346472634021,0.10858782046318165,0.10858782046318165,0.09109877405831164,0.2445560887292888,0,0,0.3225216077424605
Ect2,0,0,0.29201491675103564,0.018116083781747904,-0.1025564919043492,0,0,0,-0.24375296782479589,0.22994572203019953,0.18095238095238095,0,-0.3223429691085547,-0.20594521499992585,-0.2569918073936143,0.1,0.18095238095238095,0,0,0,0.17614567909446271,0.08165782004955333,0,0.1,0.23811519474516235,0,-0.299640915937414,0.1,0,-0.0672927256365574,0.2495617736497786,-0.007942420821071435,0,0,0.09477661241155695,-0.24375296782479589,-0.07074835471252101,-0.29991678887821954,0.17649304391833456,0.22836760014179366,-0.3617518158837878,-0.04214061764917884,-0.338139694325719,-0.24514241270327758,-0.1643669325746942,-0.07772967618187321,-0.2568115942028985,-0.18095238095238095,-0.23411027568922305,-0.020522273289332364,-0.21179638418968444,-0.21179638418968444,-0.17126184177137058,0.2076918241017502,0.23486940606692666,-0.24492458377056256,-0.24492458377056256,-0.1826086956521739,0.22857406951550324,0,0,-0.2649372075473925
Ecadherin_mRNA_H,-0.8,-0.7,0.30864000220988147,-0.2550755780109697,-0.20225563926259502,-0.7,-0.8,-0.7,-0.0655195012324199,-0.29509952238280357,-0.7979345955249569,0.6,-0.5933095399840482,-0.49429852050268897,-0.37480451041247104,-0.7,-0.7913043478260869,0.8,-0.7,0.6,0.2687220080390357,0.10558147989239294,0.7,-0.8,0.05312280701754386,-0.9,-0.5114708303219888,-0.8,-0.8,-0.16294931767272627,0.3934275233189242,-0.0420165729190695,0.8,0,-0.042778477680974265,-0.0655195012324199,-0.33298233900222896,-0.48691607908678264,-0.07710404772178621,-0.2749685534591195,-0.4152220451621435,0.20797576719564687,-0.4296602471813122,-0.4588663541847125,-0.4576344467019678,0.031080133628047922,-0.05349518698355908,-0.02,-0.036483516483516484,0.23056833720415293,-0.0750851087102671,-0.0750851087102671,-0.02889053125481758,0.029181475919432858,0.03537692250615686,-0.0737489959606138,-0.0737489959606138,-0.02,-0.2887423496517287,0.9,0.6,-0.2776933097210561
DR4_5,-0.6,-0.5,-0.5642636720285182,0.020108708794103963,0.1604428840152915,-0.5,-0.5,-0.6,0.6268743629574404,0.14968304874022823,-0.7985828166519043,0.4,0.42363640459292223,0.4399329618751489,0.34590700427003346,-0.7,-0.7978723404255319,0.4,-0.5,0.6,-0.5588003082019772,-0.09248586503737868,0.5,-0.7,-0.5633518253948361,-0.6,0.2699541755942604,-0.7,-0.6,-0.029353108676583313,-0.34748230035496785,-0.08717135271927337,0.5,0,-0.08903600807230082,0.6268743629574404,0.0078540890600749,0.2651368696498867,-0.09785631549687449,0.14862745098039215,0.5004891576377328,-0.13481456311997247,0.37670243432328593,0.2430449982997885,0.2833854342711787,0.004395454630178026,0.7755973995301889,0.8976435935198822,0.8915694532787031,0.35660199120388875,0.5480804541977775,0.5480804541977775,0.6342826357367286,-0.556974613161858,-0.5947486773737102,0.6739035232293106,0.6739035232293106,0.8981859410430839,0.15108491789910672,0.5,0.5,0.2271626339869491
Cytokinesis,0.1,0,0.29111719153731114,0.019861261190819268,-0.10174383094009828,0,0,0.1,-0.24492458377056256,0.23136516668180168,0.23483839131507525,0,-0.3235378372325567,-0.20457605916305743,-0.25777440126613677,0.18095238095238095,0.23411027568922305,0,0,-0.1,0.1760142912236377,0.08017158642218097,0,0.1826086956521739,0.24375296782479589,0.1,-0.297739456956309,0.1826086956521739,0.1,-0.0643685991913087,0.24786466506987698,-0.009859927576844183,0,0,-0.007942420821071435,-0.24492458377056256,-0.06753830152268618,-0.299640915937414,0.17808082177946025,0.22857406951550324,-0.36043057746927387,-0.04428802348419884,-0.3363898285178822,-0.24357330222290483,-0.16197191341119355,-0.0792059930813596,-0.26914249950987046,-0.23411027568922305,-0.26505387083946025,-0.023012672177252634,-0.21179397251718957,-0.21179397251718957,-0.17187408257270348,0.20753504233432257,0.23473575835360644,-0.24508129114172247,-0.24508129114172247,-0.2397193051329866,0.22994572203019953,0,0,-0.2625127927365437
Cyto_C,-0.6,-0.5,-0.5503399969564569,0.020105817323710307,0.1597729421602867,-0.5,-0.5,-0.6,0.5188461985888668,0.14954748474402652,-0.798314014752371,0.4,0.4224898567283636,0.4367974841325094,0.34478369093772515,-0.7,-0.7973421926910299,0.4,-0.5,0.6,-0.539678275724475,-0.09235835737451828,0.5,-0.7,-0.45904859049319074,-0.6,0.26870981954501016,-0.7,-0.6,-0.029353108676583313,-0.346197762689411,-0.08691103437148029,0.5,0,-0.08903600807230082,0.5188461985888668,0.007660664779887862,0.2645133746118967,-0.09776935241753906,0.14862745098039215,0.49526747894934553,-0.13405602941757339,0.37504649137958956,0.24255162173994066,0.28237342215534256,0.004802616023554504,0.8713639445050181,0.7969754253308128,0.8895720502627672,0.3297307695587238,0.5330545063745838,0.5330545063745838,0.5172546576610334,-0.5369377317210118,-0.5755452091613618,0.560933740676409,0.560933740676409,0.7976261127596439,0.15108491789910672,0.5,0.5,0.22623130576768452
CyclinB,-0.24429533042631557,-0.179746835443038,-0.29746517165538333,0.1912254945959579,0.1883564186883273,-0.179746835443038,-0.17894736842105263,-0.23576065859045578,0.26548801536876854,0.15433225374534004,-0.29419202510682235,0.1,0.3627065211184815,0.33886046886144405,0.33890263156519207,-0.26937171333607657,-0.2891914272437464,0.1,-0.179746835443038,0.22980266338504815,-0.23923280592822538,-0.05573940472741464,0.1737704918032787,-0.2811476527167528,-0.26549844824987123,-0.2370738498397384,0.3357174818615813,-0.28018351129158287,-0.23965081923180231,-0.016766418324040418,-0.358572076697968,-0.15536441267710183,0.1811764705882353,0,-0.1565679696344176,0.26548801536876854,0.15877419264345918,0.33780517566094664,-0.08846470663054755,0.15704647854696036,0.39145493969664474,-0.15959797179660276,0.3860547618376186,0.29974281759334864,0.29362863094849473,-0.009059203417539591,0.2922894873688796,0.28909885307745903,0.3004617910000159,-0.19220162819887984,0.23935448339469617,0.23935448339469617,0.15246637904432175,-0.22585662456414704,-0.2514169547269308,0.265060057913894,0.265060057913894,0.29937440081437416,0.1554141655890446,0.17714285714285713,0.1761194029850746,0.24385547007571287
CyclinA_mRNA,0.1,0,-0.2897273267903625,0.27926616321209785,0.1812939691971729,0,0,0.1,-0.05551431437535731,0.2208865440054515,0.09501625135427952,0,0.46902177222477326,0.44325243999157093,0.2482484662247905,0.10769230769230768,0.0943778601002397,0,0,-0.1,-0.19524689946968515,-0.11298404756317457,0,0.11219512195121953,0.059129617990660924,0.1,0.45241682982263953,0.11219512195121953,0.1,0.3026498985914724,-0.37479610546085007,-0.05972133890334471,0,0,-0.06187227249083334,-0.05551431437535731,0.20459871585235515,0.4515085870663288,0.22712791040143343,0.22301929397128362,0.367502760873364,-0.29701815837961926,0.39452938320405984,0.40242041094746017,0.409762306949658,-0.055000703965748465,-0.06688048284878506,-0.0943778601002397,-0.0807357548370818,-0.10821178566904308,-0.03806916774275183,-0.03806916774275183,-0.0670218132713604,0.07392336158827109,0.07279629796015143,-0.05463880424246115,-0.05463880424246115,-0.10097063215530115,0.22230170877619923,0,0,0.27967266969995647
CyclinA,0.12,0.1,-0.2888857881002952,0.27775848874074166,0.18052580304820606,0.1,0.1,0.11219512195121953,-0.05463880424246115,0.21951628873540088,0.08209304739061311,0,0.47147023615581896,0.44257435523427846,0.25010606612343717,0.09501625135427952,0.0807357548370818,0,0.1,-0.10769230769230768,-0.19430352950165436,-0.11217225077941646,-0.1,0.10319512195121952,0.05551431437535731,0.11219512195121953,0.45136768299675645,0.10264738325775218,0.11627906976744187,0.29944135557620066,-0.3740165144918074,-0.057942021123178755,-0.1,0,-0.05972133890334471,-0.05463880424246115,0.20148587052405614,0.45241682982263953,0.12513456740783485,0.22230170877619923,0.36732366778747705,-0.29501667734768516,0.39395726033756,0.40166595727714804,0.4079442739822838,-0.053130805430294324,-0.06191296167954715,-0.0807357548370818,-0.07101797563753676,-0.10756510199168838,-0.038716008461151565,-0.038716008461151565,-0.06763578967460529,0.07483484986104208,0.0735886565633337,-0.05502473236318317,-0.05502473236318317,-0.08737092541043312,0.2208865440054515,-0.1,-0.1,0.2776432327114689
CHK1,0.16559139784946236,0.1,0.40104731116124787,-0.12034326479260452,-0.2143558227329126,0.1,0.1,0.16049382716049382,-0.22495750748811588,-0.28885484223497715,0.22806067425947396,0,-0.41248854474720903,-0.3869734986926014,-0.3810163066999101,0.19846236559139785,0.22596347542302792,0,0.1,-0.15733333333333333,0.2675001103831432,0.0721115962698431,-0.1,0.2054853381961475,0.22345991175206348,0.16049382716049382,-0.3887382296840607,0.20491921309531375,0.1632183908045977,-0.18313793377392906,0.3951308068174347,0.14766160133622944,-0.1,0,0.14970243524140586,-0.22495750748811588,-0.08559763645730371,-0.3900574770916774,-0.08130197176479327,-0.2922604937230514,-0.5171654684499437,0.2025328813558637,-0.5320628566064683,-0.36061591828823036,-0.4424772457202543,0.021042766227477645,-0.24251119100226629,-0.22596347542302792,-0.242786413322199,0.21609254405002382,-0.2024668534132235,-0.2024668534132235,-0.11873291340220297,0.17420098715157845,0.19408592190480775,-0.22496947857587496,-0.22496947857587496,-0.233219923899943,-0.2904644728481969,-0.1,-0.1,-0.2808497607913818
Cdk1,-0.24031725921820152,-0.1780821917808219,-0.2960851671035463,0.04025630233447573,0.16893562292173941,-0.1780821917808219,-0.17714285714285713,-0.23049872399325233,0.2454907497586687,0.1679522570224164,-0.28064332203696507,0.1,0.36362051207618695,0.3384222365182866,0.32460285867964195,-0.2592089292089292,-0.2747829387799169,0.1,-0.1780821917808219,0.22347319347319344,-0.21514473738398462,-0.05786398742043902,0.1709090909090909,-0.2727243357432722,-0.24553462841954515,-0.2321461263210452,0.33771781478670865,-0.27161977910394475,-0.23492947163496022,0.02106399599184821,-0.3455304266773468,-0.13690239316440117,0.179746835443038,0,-0.13801948949845505,0.2454907497586687,0.038932067684803985,0.3395869113529938,-0.05410118599668442,0.17040778892401792,0.37921615287709864,-0.14451805777085597,0.3810009629797117,0.30962365395865954,0.2926719888179111,0.014787560888453921,0.273833616599224,0.27466139352804403,0.2837853925574058,-0.1539213890875536,0.216378844412115,0.216378844412115,0.14053124847121504,-0.20250233894369257,-0.22939866068529174,0.24510332899117476,0.24510332899117476,0.28585489254718766,0.16893922867316186,0.175,0.1737704918032787,0.2312188887958563
Cdh1,0.08673469387755102,0.05,0.16768244822124606,-0.26065557960713015,-0.1631617599892996,0.05,0.05,0.08414634146341464,-0.1049419236371834,-0.14681959946748507,0.11577708394878802,0,-0.3670118674691533,-0.34382457724596854,-0.2618921708889184,0.10277875277875279,0.11424232404759356,0,0.05,-0.08243243243243244,0.16691516846271087,0.05998336754005813,-0.05,0.10736062717770037,0.10558064164152976,0.08414634146341464,-0.2341956891168142,0.10697242841993637,0.08555555555555557,-0.1649907816007018,0.24220963293487602,0.23330574665841897,-0.05,0,0.23455001618307736,-0.1049419236371834,-0.11874212737779015,-0.23626937512648905,-0.05620331183470001,-0.14948738889106128,-0.27340285049704294,0.09290690329138646,-0.28317828701975645,-0.21463388493318164,-0.3003447108735008,-0.09323505605288326,-0.11726070112328654,-0.11424232404759356,-0.12047434705814006,0.0378602171835092,-0.08693932909657234,-0.08693932909657234,-0.063958500601104,0.05527160043688558,0.06632869970139318,-0.10403976925739189,-0.10403976925739189,-0.11889211999101283,-0.1479007704588357,-0.05,-0.05,-0.2351129731030405
Cdc25C,-0.1780821917808219,-0.1,-0.2972334965581112,0.041449090478579156,0.16953545446660429,-0.1,-0.1,-0.1737704918032787,0.24553462841954515,0.16893922867316186,-0.2592089292089292,0,0.36495823614122774,0.34007256022279775,0.32538268950775806,-0.22347319347319344,-0.2560865835118487,0,-0.1,0.1709090909090909,-0.21599131913568198,-0.05892998721910705,0.1,-0.2311730892058761,-0.2445850975912578,-0.1737704918032787,0.3395869113529938,-0.23049872399325233,-0.1761194029850746,0.022799817356771158,-0.34735698903437856,-0.13801948949845505,0.1,0,-0.1397946440170808,0.24553462841954515,0.040505250807569955,0.3414909201126507,-0.05373857890626228,0.17230677702190944,0.48101248275017844,-0.14561455933223819,0.38305921998939807,0.31187483611995404,0.2945003566060295,0.014595848070202536,0.2709982968614079,0.2560865835118487,0.27466139352804403,-0.15514357560981218,0.21688585519800205,0.21688585519800205,0.14064888771718542,-0.20287999394179357,-0.22978434406611062,0.2454907497586687,0.2454907497586687,0.26481047353127174,0.17040778892401792,0.1,0.1,0.2328589013089876
Cdc25B,-0.05,0,-0.28633714087132145,0.21164296074746192,0.18143456284726034,0,0,-0.05,0.13648840891228559,0.2654382565546992,-0.11650369755392584,0,0.581721259108128,0.4586072369640382,0.3570832702241894,-0.086986301369863,-0.11612915851272014,0,0,0.05,-0.23741731132374352,-0.08587354388963778,0,-0.0882716049382716,-0.1334544206959855,-0.05,0.4588344654569254,-0.0882716049382716,-0.05,0.13406749747787855,-0.36797997110475145,0.017163537743823586,0,0,0.014762936974707078,0.13648840891228559,0.26417284697392546,0.45908135676838047,0.04666012575542243,0.26873491270471783,0.4952332519881354,-0.16747746644695666,0.5032808591105646,0.42575354146052574,0.41179240000240325,-0.004287652696320412,0.14327204296644808,0.11612915851272014,0.13598284678746103,-0.19403252946695698,0.12589814958942663,0.12589814958942663,0.0703171611495711,-0.08568064991987205,-0.09971877097746289,0.13708334184820212,0.13708334184820212,0.11853605155923144,0.26722870873683247,0,0,0.2488991541353321
Cdc25A,0.14375,0.1,-0.18207577911358597,0.25215420428996627,0.19308697971524016,0.1,0.1,0.13571428571428573,-0.09680009634718331,0.2959822358302199,0.12893022850165708,0,0.47937672593360625,0.44808138118262075,0.3585333986536344,0.1332635618349904,0.1268458226879623,0,0.1,-0.13076923076923078,-0.19284105733636006,-0.10341373780006771,-0.1,0.14343705799151346,0.09733836379882335,0.13571428571428573,0.46141571838688356,0.1427003136583975,0.13999999999999999,0.2571005932121924,-0.37026721479555935,-0.12279132384498814,-0.1,0,-0.12462376172016043,-0.09680009634718331,0.18261826354931315,0.46262999610690897,0.1729538694509551,0.29893017994804427,0.24357203218151505,-0.30226870488671803,0.39812736267826165,0.4298726074906435,0.3186064807016105,0.05911958368285638,-0.11016179663500654,-0.1268458226879623,-0.12071491485306504,-0.09674472241511062,-0.06975792671044234,-0.06975792671044234,-0.09061251114612942,0.10718511942866076,0.11062673046008849,-0.09744828051737366,-0.09744828051737366,-0.13581699045454654,0.29740205172742523,-0.1,-0.1,0.2662718157250522
Cdc20,0.16923076923076924,0.1,0.3263840633004128,0.0014085843502153676,-0.049536390959443594,0.1,0.1,0.16455696202531644,-0.221584362798527,-0.17787020771276504,0.22536857550448747,0,-0.4041640284179434,-0.3824058051074719,-0.1063201803529461,0.1998962628009044,0.22315090282313227,0,0.1,-0.16164383561643836,0.21159478023035422,0.2471747597586555,-0.1,0.20746125245435937,0.21923865305377851,0.16455696202531644,-0.38360721208195453,0.20689029535864978,0.16705882352941176,-0.17262660869706553,0.35897329712400927,0.21779255039509393,-0.1,0,0.2194738352909312,-0.221584362798527,-0.31984022087367875,-0.3838551770276864,-0.08316827779838447,-0.18015205404862475,-0.4346893729895321,0.19835027394865162,-0.43612040559082715,-0.35072949283093335,-0.3408242188836571,0.052001069440855176,-0.2377866319168313,-0.22315090282313227,-0.23817178221394536,0.2716482026117218,-0.20192370435454934,-0.20192370435454934,-0.10015479859858137,0.19024328644976968,0.20898065375032226,-0.22222784663282477,-0.22222784663282477,-0.2310688809564517,-0.17911290785531345,-0.1,-0.1,-0.37196158176950217
Casp9,-0.7,-0.6,-0.5573129679362128,0.01736447560313416,0.1589232859143404,-0.6,-0.6,-0.7,0.560933740676409,0.14681865459228888,-0.8940292006376891,0.5,0.4327042644192117,0.4393312811672609,0.3534892996033498,-0.798314014752371,-0.8907370445608697,0.5,-0.6,0.7,-0.5506513813487551,-0.0922529971743339,0.6,-0.7992300288739173,-0.5188461985888668,-0.7,0.26875143996676376,-0.7991845056065239,-0.7,-0.03639309580346399,-0.34864306513471344,-0.0836536023664202,0.6,0,-0.08691103437148029,0.560933740676409,9.60891341314038e-5,0.26870981954501016,-0.10362277691076205,0.15108491789910672,0.5023358847134283,-0.13029810254056723,0.37897821951125676,0.24339522978666356,0.280183756742553,0.01012517750626806,0.8423002340736035,0.8895720502627672,0.9759670662587261,0.3374884406838222,0.5559193914427955,0.5559193914427955,0.5397903622179856,-0.5501801519513838,-0.5920606037507296,0.5886861284052615,0.5886861284052615,0.8912017678737605,0.14954748474402652,0.6,0.6,0.2237698353153768
Casp8,-0.7,-0.6,-0.5732124998581123,0.017436396229609068,0.15987016844257593,-0.6,-0.6,-0.7,0.6739035232293106,0.14712238540648842,-0.8949209965118936,0.5,0.43480032979149624,0.4434391500259382,0.35540119846782614,-0.7985828166519043,-0.8923640374688693,0.5,-0.6,0.7,-0.5725599138276116,-0.09257746409521694,0.6,-0.7993271656854499,-0.6268743629574404,-0.7,0.27070915157229747,-0.799290780141844,-0.7,-0.036409382257702363,-0.35076276407877194,-0.08413057327399956,0.6,0,-0.08717135271927337,0.6739035232293106,3.991704264434667e-4,0.2699541755942604,-0.10380670900987235,0.15108491789910672,0.5092234409570957,-0.13137565611795415,0.3816537248726482,0.24434839228610933,0.28177170778015037,0.009715669088435259,0.8498793992938103,0.8915694532787031,0.9799485702066478,0.3657466241449453,0.5755778345680185,0.5755778345680185,0.6614674898375317,-0.5734534650492702,-0.6149918283438158,0.7066611396600346,0.7066611396600346,0.9929768937504176,0.14968304874022823,0.6,0.6,0.22520450566281217
Casp3,-0.79958180867747,-0.7,-0.5600254661384276,0.014697872152873053,0.1578934822570365,-0.7,-0.7,-0.7991845056065239,0.5886861284052615,0.1444427161194817,-0.985959471913764,0.6,0.43583627706308403,0.4389543516470981,0.3565063943916257,-0.8940292006376891,-0.9785500159032529,0.6,-0.7,0.798314014752371,-0.5561629886604161,-0.09105825256185049,0.7,-0.8969907831461624,-0.560933740676409,-0.7993973634651601,0.2664481259606996,-0.896822790255374,-0.7993808049535603,-0.041438404892198036,-0.34783145923145786,-0.08128212851067308,0.7,0,-0.0836536023664202,0.5886861284052615,-0.004940467081126172,0.26875143996676376,-0.10681503919393343,0.14954748474402652,0.5043393415733385,-0.12726549869956677,0.37833802948199924,0.24130366632479885,0.277383407639387,0.012910975575382922,0.8970236636215064,0.9759670662587261,0.9511442627300941,0.3433817524890759,0.5701655288961784,0.5701655288961784,0.5541994425083099,-0.5581855489680922,-0.6020726892387092,0.6063209251911006,0.6063209251911006,0.9790618501782873,0.14681865459228888,0.7,0.7,0.22097188970570336
Casp2,-0.3,-0.2,-0.49005328596802844,0.0125,0.18698412698412697,-0.2,-0.2,-0.3,0.7979030144167758,0.14666666666666667,-0.5,0.1,0.29548022598870055,0.38392857142857145,0.2631388745482705,-0.4,-0.5,0.1,-0.2,0.3,-0.5847071052953405,-0.0641025641025641,0.2,-0.4,-0.7,-0.3,0.24843400447427294,-0.4,-0.3,-0.014285714285714285,-0.2845161290322581,-0.09333333333333334,0.2,0,-0.06,0.7979030144167758,0.04353741496598639,0.18333333333333335,-0.05641025641025641,0,0.395,-0.17995391705069125,0.2925233644859813,0.18333333333333335,0.26619718309859153,-0.08896797153024912,0.7,0.5,0.6,0.4109510606163071,0.888532564184738,0.888532564184738,0.9866414149156716,-0.8676535313686756,-0.8748629744255206,0.8919836655451517,0.8919836655451517,0.5,0.1,0.2,0.2,0.23038763892653832
BIM,-0.4,-0.3,-0.5529423236312223,0.020769847634322373,0.18867832897279366,-0.3,-0.3,-0.4,0.8902912691088121,0.16260120585701981,-0.6,0.2,0.37078844652615145,0.4368552345698881,0.3169282382783733,-0.5,-0.6,0.2,-0.3,0.4,-0.5483176759273555,-0.08514862528581786,0.3,-0.5,-0.797153024911032,-0.4,0.2813367412891474,-0.5,-0.4,-0.016475495307612095,-0.33782570069004125,-0.10523534692830576,0.3,0,-0.08753623188405797,0.8902912691088121,0.03889830508474576,0.24068100358422936,-0.07671254548330961,0.1,0.46901752394710144,-0.17618576871588917,0.35599637270460216,0.23285024154589368,0.2991311505396012,-0.05234670935262346,0.7984158415841585,0.6,0.7,0.4299461484197244,0.8698380636819921,0.8698380636819921,0.86525027296781,-0.7312856327736873,-0.8460201375034864,0.9775516277977422,0.9775516277977422,0.6,0.14074074074074075,0.3,0.3,0.2506584257253303
BIK,-0.4,-0.3,-0.5529423236312223,0.020769847634322373,0.18867832897279366,-0.3,-0.3,-0.4,0.8902912691088121,0.16260120585701981,-0.6,0.2,0.37078844652615145,0.4368552345698881,0.3169282382783733,-0.5,-0.6,0.2,-0.3,0.4,-0.5483176759273555,-0.08514862528581786,0.3,-0.5,-0.797153024911032,-0.4,0.2813367412891474,-0.5,-0.4,-0.016475495307612095,-0.33782570069004125,-0.10523534692830576,0.3,0,-0.08753623188405797,0.8902912691088121,0.03889830508474576,0.24068100358422936,-0.07671254548330961,0.1,0.46901752394710144,-0.17618576871588917,0.35599637270460216,0.23285024154589368,0.2991311505396012,-0.05234670935262346,0.7984158415841585,0.6,0.7,0.4299461484197244,0.8698380636819921,0.8698380636819921,0.86525027296781,-0.7312856327736873,-0.8460201375034864,0.9775516277977422,0.9775516277977422,0.6,0.14074074074074075,0.3,0.3,0.2506584257253303
BID,-0.4,-0.3,-0.5163980227810014,0.020925925925925924,0.1651282051282051,-0.3,-0.3,-0.4,0.48318073420568136,0.1524835164835165,-0.6,0.2,0.36049663108486635,0.4125834891798023,0.3003974489929546,-0.5,-0.6,0.2,-0.3,0.4,-0.5003373313343328,-0.08195707227965292,0.3,-0.5,-0.3949685534591195,-0.4,0.25702294972253986,-0.5,-0.4,-0.015098722415795584,-0.3195644283121597,-0.09421520142123205,0.3,0,-0.08203389830508474,0.48318073420568136,0.0302008032128514,0.22674772036474167,-0.07414066426941963,0.1,0.4495970695970696,-0.14974719673098624,0.3390967741935484,0.2177248677248677,0.27739597942964,-0.028439675049022783,0.7967010309278351,0.6,0.7,0.32089312318670116,0.44926084536281385,0.44926084536281385,0.4398357119511929,-0.49014830752339716,-0.5144055581137572,0.5621557670571925,0.5621557670571925,0.6,0.13599999999999998,0.3,0.3,0.22756115177355948
BCLXL,0.4,0.3,0.5653458452224835,-0.020428571428571428,-0.21277584204413472,0.3,0.3,0.4,-0.8929664171869547,-0.1780457637600495,0.6,-0.2,-0.37866742730582725,-0.45118293683347,-0.331239184438857,0.5,0.6,-0.2,0.3,-0.4,0.560753409581609,0.08867040050147855,-0.3,0.5,0.7983402489626557,0.4,-0.3012324929971989,0.5,0.4,0.01931364724660814,0.35154388043979196,0.11755863721965418,-0.3,0,0.09737373737373738,-0.8929664171869547,-0.048575712143928036,-0.2533333333333333,0.07974603923418641,-0.1,-0.47796866103918606,0.20342315793900084,-0.36798569192935393,-0.24730496453900708,-0.3164830188679245,0.08262156448202959,-0.7990883190883191,-0.6,-0.7,-0.45202444614209314,-0.976090933190563,-0.976090933190563,-0.9723938687458282,0.8428149633871683,0.9549877020884538,-0.9823463298507102,-0.9823463298507102,-0.6,-0.15151515151515152,-0.3,-0.3,-0.27164673785789645
BCL2,0.4,0.3,0.5653458452224835,-0.020428571428571428,-0.21277584204413472,0.3,0.3,0.4,-0.8929664171869547,-0.1780457637600495,0.6,-0.2,-0.37866742730582725,-0.45118293683347,-0.331239184438857,0.5,0.6,-0.2,0.3,-0.4,0.560753409581609,0.08867040050147855,-0.3,0.5,0.7983402489626557,0.4,-0.3012324929971989,0.5,0.4,0.01931364724660814,0.35154388043979196,0.11755863721965418,-0.3,0,0.09737373737373738,-0.8929664171869547,-0.048575712143928036,-0.2533333333333333,0.07974603923418641,-0.1,-0.47796866103918606,0.20342315793900084,-0.36798569192935393,-0.24730496453900708,-0.3164830188679245,0.08262156448202959,-0.7990883190883191,-0.6,-0.7,-0.45202444614209314,-0.976090933190563,-0.976090933190563,-0.9723938687458282,0.8428267784914869,0.8549791108083282,-0.9823463298507102,-0.9823463298507102,-0.6,-0.15151515151515152,-0.3,-0.3,-0.27164673785789645
BAX,-0.5,-0.4,-0.5436307548531528,0.022489166096461215,0.16770313125737354,-0.4,-0.4,-0.5,0.5621557670571925,0.15589558997433012,-0.7,0.3,0.4048201147551619,0.4349813811429117,0.334778059405881,-0.6,-0.7,0.3,-0.4,0.5,-0.5307721139430285,-0.0915625611304248,0.4,-0.6,-0.48318073420568136,-0.5,0.2737607806362888,-0.6,-0.5,-0.022327638078446187,-0.3438953285554687,-0.09416309094702674,0.4,0,-0.09421520142123205,0.5621557670571925,0.02034033809657233,0.25702294972253986,-0.08900764392513169,0.13599999999999998,0.48501225767371975,-0.1482056750999569,0.3702122340761316,0.24115957255492138,0.2875774310425433,-0.013304132880348086,0.8885033214643029,0.7,0.7973399833748961,0.3293254272247059,0.5038062999082683,0.5038062999082683,0.49043571195119295,-0.5241975479634181,-0.5564687328438651,0.5242681895416895,0.5242681895416895,0.7,0.1524835164835165,0.4,0.4,0.23445415588878582
BAK,-0.5,-0.4,-0.5436307548531528,0.022489166096461215,0.16770313125737354,-0.4,-0.4,-0.5,0.5621557670571925,0.15589558997433012,-0.7,0.3,0.4048201147551619,0.4349813811429117,0.334778059405881,-0.6,-0.7,0.3,-0.4,0.5,-0.5307721139430285,-0.0915625611304248,0.4,-0.6,-0.48318073420568136,-0.5,0.2737607806362888,-0.6,-0.5,-0.022327638078446187,-0.3438953285554687,-0.09416309094702674,0.4,0,-0.09421520142123205,0.5621557670571925,0.02034033809657233,0.25702294972253986,-0.08900764392513169,0.13599999999999998,0.48501225767371975,-0.1482056750999569,0.3702122340761316,0.24115957255492138,0.2875774310425433,-0.013304132880348086,0.8885033214643029,0.7,0.7973399833748961,0.3293254272247059,0.5038062999082683,0.5038062999082683,0.49043571195119295,-0.5241975479634181,-0.5564687328438651,0.5242681895416895,0.5242681895416895,0.7,0.1524835164835165,0.4,0.4,0.23445415588878582
BAD,-0.3,-0.2,-0.49202279202279203,0.011428571428571429,0.19523809523809524,-0.2,-0.2,-0.3,0.7983402489626557,0.15151515151515152,-0.5,0.1,0.29626168224299065,0.3869565217391304,0.2660310734463277,-0.4,-0.5,0.1,-0.2,0.3,-0.4865892758430072,-0.0644808743169399,0.2,-0.4,-0.7,-0.3,0.2533333333333333,-0.4,-0.3,-0.014285714285714285,-0.28688524590163933,-0.09737373737373738,0.2,0,-0.06,0.7983402489626557,0.047126436781609195,0.18666666666666668,-0.05792349726775956,0,0.3960591133004926,-0.1886033982594281,0.29365079365079366,0.18666666666666668,0.2712,-0.10031620553359684,0.7,0.5,0.6,0.41794414735591207,0.889620855133321,0.889620855133321,0.8878485477527329,-0.9703568234760824,-0.9769776970628147,0.8929664171869547,0.8929664171869547,0.5,0.1,0.2,0.2,0.23642023346303503
ATR,0.1,0,0.40193779679633146,-0.12210041435213766,-0.21525992615381245,0,0,0.1,-0.22345991175206348,-0.2904644728481969,0.19846236559139785,0,-0.41001053287409694,-0.38786260355043006,-0.3791061248199169,0.15733333333333333,0.19774149659863943,0,0,-0.1,0.26837388373977716,0.07307284043542578,0,0.16049382716049382,0.21872050303520885,0.1,-0.3900574770916774,0.16049382716049382,0.1,-0.18683016451561502,0.3961517959333953,0.14970243524140586,0,0,0.15220997899517774,-0.22345991175206348,-0.08910419662813508,-0.38931787474800245,-0.08347983660232375,-0.19353693427739133,-0.5174747209744981,0.20479533528722343,-0.5328751735812411,-0.36170001707526256,-0.44463386188958687,0.023048141097219324,-0.23497178850873537,-0.19774149659863943,-0.22596347542302792,0.21704165560550986,-0.2028183530935778,-0.2028183530935778,-0.11896933395090488,0.1749613725476959,0.19467449157741773,-0.22495750748811588,-0.22495750748811588,-0.20314869441713101,-0.2922604937230514,0,0,-0.2831976522896965
ApicalBasal_Pol,-0.9,-0.8,0.31571463060033966,-0.2571578888852598,-0.20370227472316732,-0.8,-0.9,-0.8,-0.0737489959606138,-0.2972196913704424,-0.8917066284274247,0.7,-0.6210398229461193,-0.5064609591278936,-0.3924271878779308,-0.7979345955249569,-0.8667388785329235,0.9,-0.8,0.7,0.27365876854495164,0.10933380080434943,0.8,-0.8993803253292022,0.0655195012324199,-1,-0.5249972069788699,-0.8993282955499581,-0.9,-0.15996547159802724,0.4050893124845557,-0.04354905174834778,0.9,0,-0.0420165729190695,-0.0737489959606138,-0.3303978459604794,-0.5114708303219888,-0.0702568704754829,-0.2887423496517287,-0.4303108810147025,0.20738870302698076,-0.4452938469716411,-0.47636716666440054,-0.4645568136386922,0.023208969895379284,-0.06679209044439696,-0.036483516483516484,-0.053678842026087435,0.2359456599193596,-0.07861688666682382,-0.07861688666682382,-0.0302810995740437,0.029134543848504217,0.036323915495949016,-0.0781876776998318,-0.0781876776998318,-0.03683168316831683,-0.29509952238280357,0.9,0.7,-0.28067091529011107
AMOT,-0.9,-0.8,0.29856125310767223,-0.24427988863706526,-0.1938590590624188,-0.8,-0.8,-0.7,-0.07256134437347714,-0.2796558716696066,-0.783851331200917,0.7,-0.600900074917877,-0.48434983764341755,-0.3781977725570777,-0.6958762886597938,-0.6434149813781445,0.7,-0.8,0.6,0.26041615363668724,0.10518374591081636,0.6,-0.798750650702759,0.06509555020334032,-0.9,-0.4964581756664204,-0.7986516853932584,-0.8,-0.1489993449296923,0.38836071300535935,-0.040764407713090554,0.9,0,-0.03865294265515917,-0.07256134437347714,-0.3026081071379582,-0.4873477416221669,-0.05888093439862237,-0.27561006693036033,-0.412630936447164,0.1914934109073272,-0.42577889525179946,-0.45281201757082,-0.441121158314777,0.01852975217330924,-0.06645531264123858,-0.036483516483516484,-0.0535819620793714,0.2243735167115028,-0.07602271358336583,-0.07602271358336583,-0.029675726864395825,0.028140641536301088,0.03545730474215943,-0.07613346254300793,-0.07613346254300793,-0.03683168316831683,-0.2792118104495161,0.8,0.5,-0.2670968690996483
A_Kinetochores,0.2,0.1,0.2545467692846072,-0.06598527024914971,-0.28836718109491616,0.1,0.1,0.2,-0.3862007735554545,-0.20356220746557466,0.3589220282493249,0,-0.3287411563484998,-0.3087696328762367,-0.029414772654517772,0.29014084507042254,0.3568464865569779,0,0.1,-0.2,0.35744960901962003,-0.15750603161938606,-0.1,0.292156862745098,0.37899815030805517,0.2,-0.31942497655643165,0.292022792022792,0.2,-0.09117812712454035,0.1634965872050922,0.05257805792403891,-0.1,0,0.05376615121248703,-0.3862007735554545,-0.21130425484453044,-0.31740309041014736,-0.14779808698230754,-0.2040134990252612,-0.27593552611074873,0.20300238612677957,-0.24074362833611337,-0.20290620764773343,-0.2740019864112118,0.1254228305656132,-0.40996443479394673,-0.3568464865569779,-0.39959542138418325,-0.14490972416475467,-0.3558979414954542,-0.3558979414954542,-0.32014268459913453,0.33767987045167736,0.3728011093637183,-0.39008097298308997,-0.39008097298308997,-0.3625029523905928,-0.20420003251103053,-0.1,-0.1,-0.11519244856272792
