Source,ZEB1_H,ZEB1,Wee1,UbcH10,U_Kinetochores,Twist,SNAI2,SNAI1,Replication,Rac1,Plk1_H,Plk1,pAPC,PAK1,N_bcatenin_H,miR_34,miR_200,Merlin,Mad2,LEF1,IQGAP1_LeadingE,Horizontal_Pol,FoxM1,f4N_DNA,Emi1,Ect2,Cytokinesis,CyclinB,CyclinA_mRNA,CyclinA,CHK1,Cdk1,Cdh1,Cdc25C,Cdc25B,Cdc25A,Cdc20,b_catenin_TCF4,ATR,A_Kinetochores
ZEB1_H,0.9,0.9,0,0,0,0.9,0.9,1,0,0.9,0,0,0,0.8,0.9,-1,-1,-0.7,0,1,0.8,0.7,0,0,0,0,0,0,0,0,0,0,0,0,0,0,0,0.9,0,0
ZEB1,1,0.9,0,0,0,0.9,0.9,1,0,0.9,0,0,0,0.8,0.9,-1,-1,-0.7,0,1,0.8,0.7,0,0,0,0,0,0,0,0,0,0,0,0,0,0,0,0.9,0,0
Wee1,-0.10766118670443618,-0.10100321722882163,0.2670068891712988,-0.012432973037587147,-0.1272692327866864,-0.09547504964171631,-0.10379273748814091,-0.10923225752886682,-0.1298324050110854,-0.0969966791538395,-0.4249087013259235,-0.39753033415545647,-0.3142261351232683,-0.07893352125910266,-0.09642438862629152,0.10907028221701635,0.11300681353350864,0.05696969696969697,0.07687306341473284,-0.10988628095505555,-0.07910710154984965,-0.05696969696969697,-0.29753495458355383,0.04028219319727177,0.30492053457218393,0.057236021911762136,0.05888819565330354,0.009773839712126565,-0.30019509060670796,0.09509820931080717,-0.13333193590366896,-0.4388332312596657,0.09265101369182178,-0.3379328493764769,-0.26788315142250946,-0.24954400880301342,-0.03156343471076118,-0.10301937162069001,-0.1312571290835119,-0.18198037197859432
UbcH10,0.4664512929869894,0.4598866060452321,0.3187343856725039,-0.06820838674523352,-0.19918249734805377,0.4774347016643662,0.4216034250182094,0.5073827268929494,-0.2500005799499402,0.4914686579417328,-0.49101677465398497,-0.4675414298227176,-0.25118263018643716,0.44263144863940723,0.310496419856675,-0.5040838560928924,-0.533669472198034,-0.376214158531344,0.12036495254986505,0.5152916850127817,0.4449947340705635,0.37722222222222224,-0.4764643586032976,-0.33551666022002813,0.3964080369754951,0.0619357455425257,0.0639155763267186,-0.22878236783106373,-0.4742867389089275,-0.26481541357342747,-0.25121018596797673,-0.3875504836955348,0.32102243571373373,-0.41858413880219303,-0.4279222200783385,-0.43458973363489306,0.09558480731624305,0.4048778010382323,-0.251156199159536,-0.301628271476252
U_Kinetochores,0.34603383105656765,0.34373460096975117,0.2617191674936292,-0.1613953358906113,-0.04223233734944424,0.3651573086158908,0.3177179810635332,0.3857595152579677,-0.2589160753596477,0.37630986169302155,-0.3607322276481889,-0.34866701596518446,-0.13145434236068682,0.33843537414965985,0.2566999588938485,-0.3839335615608425,-0.40883735926294057,-0.28095238095238095,0.06496035846536082,0.3913720610503571,0.3399860971653665,0.28130841121495326,-0.3445107424338921,-0.11795665152081243,-0.07066981451970775,-0.13761532430382004,-0.1367591261572729,-0.1507786554399798,-0.3409319411501728,-0.23898187788326627,-0.25840394518212645,-0.21769675329659996,0.3259753937629163,-0.22525466576550252,-0.22748855883909855,-0.3170191080436239,0.040033435038269415,0.3106374371586852,-0.25925838889113423,0.08032578458220795
Twist,0.9,0.9,0,0,0,0.7,1,0.8,0,0.9,0,0,0,0.8,0.9,-0.8,-1,-0.7,0,0.9,0.8,0.7,0,0,0,0,0,0,0,0,0,0,0,0,0,0,0,0.9,0,0
SNAI2,1,1,0,0,0,0.8,1,0.9,0,0.8,0,0,0,0.7,0.8,-0.9,-0.9,-0.6,0,0.9,0.7,0.6,0,0,0,0,0,0,0,0,0,0,0,0,0,0,0,1,0,0
SNAI1,0.9,0.9,0,0,0,1,0.9,0.9,0,0.9,0,0,0,0.8,0.9,-0.9,-1,-0.7,0,0.9,0.8,0.7,0,0,0,0,0,0,0,0,0,0,0,0,0,0,0,0.9,0,0
Replication,0.01470934907896317,0.018114900655347287,0.3318750271277415,-0.0322920713911475,0.08194796565803651,0.023538381819527724,0.012567138363634562,0.022787166618467185,-0.05655234363968421,0.024156259131003315,-0.3146762680162938,-0.34382607759380757,-0.24567952407884808,0.020658849804578445,0.005490201474935958,-0.022739801517841832,-0.02495927905859551,-0.01111111111111111,-0.006992974207824802,0.02312199234587549,0.020658849804578445,0.01111111111111111,-0.1518092035216204,0.196862083959721,0.06947885502714063,0.09933892513954805,0.10028997976128569,-0.019270949123098978,-0.15142920263320175,-0.0031772641743557976,0.042163127600589226,-0.25478028610837566,0.16421623654421166,0.00922081023730757,0.12079645459883533,-0.21503724588121872,0.06851867005185559,0.01228590369779763,0.04270224002873732,0.1044532594210477
Rac1,0.7,0.7,0,0,0,0.8,0.7,0.8,0,0.8,0,0,0,0.8,0.7,-0.7,-0.8,-0.7,0,0.7,0.9,0.8,0,0,0,0,0,0,0,0,0,0,0,0,0,0,0,0.7,0,0
Plk1_H,0.26442533780852406,0.2579657833627504,-0.21405397303349055,-0.061851164558132665,-0.14834546047298153,0.26624506645353196,0.24945133540844724,0.2900028452418279,-0.027169251312027666,0.27309983189811515,0.4610607037845451,0.32894253556868486,0.3270554597830858,0.23453453453453452,0.21653966287630447,-0.2892571181940786,-0.30590019505099875,-0.17777777777777776,-0.1310508584751076,0.29296516752569174,0.2351922264469793,0.17777777777777776,0.21531574307635798,-0.3114194230992217,-0.21949685107936912,0.3276760139340804,0.3260431167942094,-0.12762647606350844,0.22032820798812208,-0.20966855442295668,-0.022624099384322697,0.1612957434841041,0.16722797400620956,0.22794368869726228,0.05918590474361857,0.054028150385046506,0.185905819630588,0.2466393642989652,-0.02557050858371519,0.07159884293045557
Plk1,0.25338259199598717,0.25307819117350755,-0.09786260600979493,-0.06018461981544432,-0.12408015642917573,0.27758581664432613,0.23567135321847865,0.29177304943391763,-0.07399446595881846,0.28783320646085625,0.32688444727092875,0.09371456660421437,0.2987020199602582,0.26388954448902524,0.19361364661684005,-0.290547016739382,-0.31156796831560557,-0.22836322869955156,-0.10593853934643316,0.29586342891656725,0.2656135934550031,0.2291850220264317,0.09442267390967682,-0.20073103234275091,-0.19953781184991198,0.10873183438377443,0.10841001293355768,-0.13451758472338488,0.09695821515066239,-0.18539910651568253,-0.072199730451449,0.1336191122327742,0.15564527441900702,0.12372227914541478,0.059876453299497444,0.03857460033402303,0.16453804648383324,0.23178233907007603,-0.07350544488438557,0.04044599247050204
pAPC,0.3006636654251879,0.30589709393998976,0.3172239020469475,-0.1502139562160922,-0.06620675539936144,0.34887652321654883,0.26915328987964693,0.3540102747050171,-0.2441748637537126,0.3653514678496191,-0.4215573343223249,-0.3987090161193804,-0.07841416018110828,0.35076093441611045,0.20681350087286998,-0.35145473608286276,-0.3824797172619087,-0.32254533621276216,0.26475395197346757,0.36131158434256344,0.3543512658227848,0.3246835443037975,-0.40198026892429767,-0.27594316352398973,0.38633767947437336,0.2157354874796294,0.21756668770679247,-0.3431684995805332,-0.40207463921316206,-0.19027769119115595,-0.24652463536174146,-0.4469282696944929,0.21678409732371615,-0.4525957896837066,-0.364297534157617,-0.3588443937283349,0.15812249047840804,0.2610989813620249,-0.24550018382989647,-0.3992641311196977
PAK1,0.8,0.8,0,0,0,0.9,0.8,0.9,0,0.9,0,0,0,0.8,0.8,-0.8,-0.9,-0.8,0,0.8,0.8,0.7,0,0,0,0,0,0,0,0,0,0,0,0,0,0,0,0.8,0,0
N_bcatenin_H,1,0.9,0,0,0,0.8,1,0.9,0,0.8,0,0,0,0.7,0.8,-0.9,-0.9,-0.6,0,0.9,0.7,0.6,0,0,0,0,0,0,0,0,0,0,0,0,0,0,0,1,0,0
miR_34,-0.9,-0.8,0,0,0,-1,-0.9,-0.9,0,-0.9,0,0,0,-0.8,-0.9,0.9,0.9,0.7,0,-0.8,-0.8,-0.7,0,0,0,0,0,0,0,0,0,0,0,0,0,0,0,-0.9,0,0
miR_200,-1,-1,0,0,0,-0.8,-0.9,-0.9,0,-1,0,0,0,-0.9,-1,0.9,1,0.8,0,-1,-0.9,-0.8,0,0,0,0,0,0,0,0,0,0,0,0,0,0,0,-0.9,0,0
Merlin,-0.6,-0.6,0,0,0,-0.7,-0.6,-0.7,0,-0.8,0,0,0,-0.7,-0.6,0.6,0.7,0.6,0,-0.6,-0.8,-0.7,0,0,0,0,0,0,0,0,0,0,0,0,0,0,0,-0.6,0,0
Mad2,-0.15586886999811803,-0.16395718186544234,-0.32586022907595563,-1.263003220051191e-4,0.05018137615686195,-0.19796113847837987,-0.13942742447976028,-0.20258303952685575,0.17911290785531345,-0.20711143631717088,0.40013820497572883,0.38220604458050345,0.10339359561288193,-0.19070723684210528,-0.09561833919183536,0.20162223685331507,0.2218591248918152,0.15789473684210525,-0.2475840001297783,-0.20620291491130943,-0.1917408906882591,-0.15789473684210525,0.38384107570964515,0.1758075261719981,-0.35886869999400156,-0.2194738352909312,-0.2212345659809687,0.32298627641829547,0.3815632097357191,0.08556807846687899,0.1800363741664079,0.4335887113027864,-0.20030785122480607,0.43557624537575174,0.3503799373832145,0.34211740887281417,-0.15430801373177597,-0.13619405507308882,0.18015205404862475,0.37361681569063043
LEF1,1,0.9,0,0,0,0.8,1,0.9,0,0.8,0,0,0,0.7,0.8,-0.9,-0.9,-0.6,0,0.9,0.7,0.6,0,0,0,0,0,0,0,0,0,0,0,0,0,0,0,0.9,0,0
IQGAP1_LeadingE,0.5,0.5,0,0,0,0.6,0.5,0.6,0,0.8,0,0,0,0.7,0.5,-0.5,-0.6,-0.6,0,0.5,0.9,0.9,0,0,0,0,0,0,0,0,0,0,0,0,0,0,0,0.5,0,0
Horizontal_Pol,0.6,0.6,0,0,0,0.7,0.6,0.7,0,0.9,0,0,0,0.8,0.6,-0.6,-0.7,-0.7,0,0.6,1,0.9,0,0,0,0,0,0,0,0,0,0,0,0,0,0,0,0.6,0,0
FoxM1,-0.10506639355395771,-0.11672543319320403,-0.28288719616528235,0.23098768688032417,0.18465113428878613,-0.1627180520324502,-0.09020457640431678,-0.15748323119147337,0.26265820380565497,-0.17437753748213441,0.5897543895861734,0.46381787749654907,0.37286616222430224,-0.17581646423751687,-0.05082578618893856,0.1563048998757437,0.1783210261485263,0.1696761133603239,-0.1007074095696868,-0.16148956235237225,-0.1779524127443344,-0.17085326953748006,0.3638908247600493,0.13277358245789547,-0.37426786978061544,0.043306288875502384,0.04133631564524973,0.2694124227506468,0.4654158540261727,0.04447429084142153,0.26595930315321653,0.39926465883818496,-0.17359984467049822,0.4088833287759622,0.4286602103699889,0.4154263261104655,-0.009738113799624684,-0.08714938783877853,0.2642116382058047,0.25198443631690803
f4N_DNA,0.21225028649653957,0.20737635424082734,-0.2874397694830675,-0.021171445851519394,0.10105198015731767,0.21812311425066927,0.20221160548645495,0.23417573711055195,-0.23248794279427817,0.22419922857622004,0.3223560811107407,0.20254018404927762,0.2570394237731447,0.19880597014925375,0.18133783041695592,-0.23365703043717212,-0.24750778984926192,-0.16,-0.07898816968565449,0.23636379927775844,0.1994088669950739,0.16,0.2956994314296801,-0.037515675258958193,-0.24587598093575766,0.011213694979215833,0.009859927576844183,0.06565121795692903,0.297702885072478,-0.17857834371001707,-0.22994572203019953,0.357861885434514,0.04560883929341511,0.33419449827582676,0.24132140355324788,0.15984999242079334,0.07953162377667403,0.20046862889095302,-0.23136516668180168,0.26065221388343607
Emi1,-0.3604173635696881,-0.36329358554175295,-0.30890038444668305,0.18959717122492442,0.19749161687413763,-0.401944516169417,-0.32176745383895144,-0.41427686797634256,0.24315854780004123,-0.41908171410234213,0.43722619895964704,0.41417961041425616,0.14835330841628358,-0.39372167809874176,-0.23828598274335966,0.4110778506386451,0.4439798040829562,0.3515891132572432,-0.1350887607228092,-0.42257180545162487,-0.3971807573722984,-0.3532783183479082,0.4165176094523593,0.29960828811055756,-0.3218305233478442,-0.22217815025640958,-0.224127016047201,0.24760398686656354,0.4165185341710137,0.21232829072413914,0.24562231036431653,0.3475180366111551,-0.3584303771788702,0.3644656010002648,0.3796226482800279,0.37596652508682155,-0.0996119417756012,-0.3098278949639537,0.2445560887292888,0.32251847660514316
Ect2,-0.1911864228817968,-0.17637605464041783,0.2905677687615757,0.018116083781747904,-0.1025564919043492,-0.15833333333333335,-0.18477410668781563,-0.1948924731182796,0.22994572203019953,-0.16,-0.3223429691085547,-0.20587404077061686,-0.2569918073936143,-0.1,-0.17492454996909357,0.1948924731182796,0.2022792022792023,0,0.08165782004955333,-0.19556737588652484,-0.1,0,-0.299640915937414,-0.0672927256365574,0.2495617736497786,-0.007942420821071435,0.09477661241155695,-0.07074835471252101,-0.29991678887821954,0.17649304391833456,0.22836760014179366,-0.36159650166138735,-0.04214061764917884,-0.338139694325719,-0.24514241270327758,-0.1643669325746942,-0.07772967618187321,-0.18427865360734874,0.22857406951550324,-0.2649372075473925
Cytokinesis,-0.20375904663266828,-0.19456927923263867,0.2889440724745503,0.019861261190819268,-0.10172768519915616,-0.1948924731182796,-0.19523111675752902,-0.2182507441074733,0.23136516668180168,-0.19880597014925375,-0.3235051833745971,-0.20437462525042985,-0.2577374860231779,-0.16,-0.1789905261869685,0.2179950586061862,0.22914181335233968,0.1,0.08017158642218097,-0.21973336449514974,-0.16,-0.1,-0.297702885072478,-0.0643685991913087,0.2478317538280394,-0.009859927576844183,-0.007942420821071435,-0.06753830152268618,-0.299640915937414,0.17808082177946025,0.22857406951550324,-0.3599887846195867,-0.04430819776076725,-0.3363373699932664,-0.24357330222290483,-0.16195134424585278,-0.07922110234262959,-0.19408770409126191,0.22994572203019953,-0.2624922238640187
CyclinB,0.09692493301428004,0.09104270456405535,-0.29541540807122474,0.19122332523944463,0.18830769639669415,0.08438260857937016,0.09416858834642512,0.09525400427310197,0.15432005724120584,0.08503181788949765,0.36256882729271483,0.3385579406495619,0.3387791037392421,0.07082357926446275,0.0897155972176769,-0.09514219485672067,-0.09722881827398158,-0.054363239970560875,-0.05572489396112603,0.09564214242616424,0.07086612464486179,0.05439738164687837,0.33560372184502574,-0.016765562091221473,-0.35845066251198643,-0.15534368415643382,-0.15655987643024577,0.1587623615887553,0.33773807892921237,-0.08845370487152068,0.15704647854696036,0.3908266863250564,-0.1595433673952667,0.3858912960329049,0.29969656971646386,0.29354505553565613,-0.009041029063656874,0.09352579469714398,0.1554101167214326,0.24378117406169525
CyclinA_mRNA,-0.44184672184584584,-0.43696786944225485,-0.2897853795405498,0.27926616321209785,0.18129633755937538,-0.4611497842955862,-0.3931365472699325,-0.48730739341746,0.2208865440054515,-0.47704686603097846,0.46902695064864186,0.44326895227924484,0.248254255620318,-0.43303045390424033,-0.2747205084374862,0.4836035345860479,0.5156494459374552,0.3712783171521036,-0.11298404756317457,-0.4960118995881707,-0.43593116534711773,-0.3726451612903226,0.4524221527418432,0.3026498985914724,-0.37480096847869193,-0.05972133890334471,-0.06187227249083334,0.20459871585235515,0.4515085870663288,0.22712791040143343,0.22301929397128362,0.3675410192015893,-0.2970210042842866,0.3945371333611834,0.40242041094746017,0.4097652418265305,-0.05500282931984511,-0.3751357741136339,0.22230170877619923,0.2796755968034087
CyclinA,-0.44671640798965856,-0.44636249726532046,-0.2888498367073219,0.2777584735411079,0.18052922271270455,-0.48547563652013254,-0.3951175737933109,-0.5021143857331027,0.21951711939960322,-0.5058150229824971,0.4714809777024588,0.4425850574685552,0.2501154179894739,-0.47704686603097846,-0.27257546569435503,0.49764427812126977,0.5345440604671107,0.43303045390424033,-0.11217314537001366,-0.5122390238060699,-0.48167399766683977,-0.43593116534711773,0.4513752932887747,0.29944135557620066,-0.3740248787636811,-0.05794362446537883,-0.05972133890334471,0.201486824406555,0.4524221527418432,0.12513366964717249,0.22230170877619923,0.36734749996652527,-0.29502009661588074,0.39396845286607557,0.40166954321535175,0.4079500733538244,-0.05313167664745825,-0.37552213130330103,0.2208865440054515,0.27764815526790965
CHK1,0.13636159710286863,0.14740014733961454,0.39990882851423115,-0.12034320952401818,-0.21433644839173033,0.1899318245638416,0.12265398392378898,0.18490328850897209,-0.288852170441795,0.2005752363410896,-0.4124440455005319,-0.3868357342769112,-0.38097285573582457,0.20070982584310842,0.08754360792790775,-0.1838626895317036,-0.20460831580502425,-0.19089884474499857,0.07210864388472416,0.18860515818851878,0.20250670846728128,0.1917293233082707,-0.3886956308507781,-0.18313793377392906,0.39508792123383946,0.14765625696604184,0.14970243524140586,-0.08559400528636064,-0.3900411300832114,-0.08130444331492812,-0.2922604937230514,-0.5168766806888652,0.20251036406302664,-0.5320023253757383,-0.3606045068327827,-0.4424475531142565,0.021030909011313402,0.11990848066608169,-0.2904644728481969,-0.28082237072010396
Cdk1,0.05153526760088941,0.045948983315678864,-0.2939202325159957,0.04025358131588116,0.16888074734222575,0.03464905494277879,0.05195668147698829,0.04309940528091424,0.16793767644965651,0.03330526442320173,0.3634629509098234,0.3380911918583035,0.32446259429590874,0.02281940956465315,0.05419867187024628,-0.043206238424252766,-0.0413594241857506,-0.011820000930708735,-0.057846620720234866,0.04273710571338513,0.022496785823845913,0.011687537268932619,0.3375892892389515,0.021065101227035442,-0.3453922345287578,-0.13687790781706824,-0.13800916841004138,0.038918317724723164,0.33950765449345194,-0.05408809444282799,0.17040778892401792,0.3785322493812747,-0.1444568143108567,0.38081622644215396,0.30956900230680173,0.29257668890422256,0.0148064853478975,0.05196673484085358,0.16893406183298462,0.23113449356420812
Cdh1,0.14048658041128678,0.14959685848819582,0.16703043540244827,-0.26065552436572437,-0.16314973126158433,0.2015424685673008,0.11703301155317733,0.19851025452130583,-0.14681778680893906,0.21791810480955998,-0.366981590604538,-0.34374014692623184,-0.2618636264259334,0.21974264867359397,0.0645004738332463,-0.1965051440889911,-0.225117987598564,-0.21729051565377536,0.05998129293538503,0.204607485888133,0.22373794626688862,0.22032331212054715,-0.23416821139292496,-0.1649907816007018,0.2421817456215865,0.23330211484697946,0.23455001618307736,-0.11873967481343069,-0.2362577335587214,-0.05620506310672072,-0.14948738889106128,-0.2732234599374823,0.09289306656950815,-0.283138837195102,-0.2146258758273562,-0.3003255790040053,-0.0932416560319471,0.11181331625509432,-0.1479007704588357,-0.23509557210251755
Cdc25C,0.04622180234173324,0.03847753255351237,-0.2952910234025968,0.04144898884998669,0.16949980236277115,0.02412952873191917,0.047320683124652416,0.034587235968744925,0.16893406183298462,0.02281940956465315,0.3648722677122944,0.3398247763894401,0.3253001057966635,0.011820000930708735,0.052547502018047323,-0.03471129519262498,-0.032349479106338404,-0.002564102564102564,-0.05892422063542622,0.03413528386341264,0.011687537268932619,0.002564102564102564,0.33950765449345194,0.022799817356771158,-0.34727663926979957,-0.13800916841004138,-0.1397946440170808,0.040498340485961015,0.34145861171037034,-0.053733649461633705,0.17230677702190944,0.480487199385714,-0.14557362204759827,0.3829458466129822,0.31185248150063094,0.2944450716361708,0.014616426488867148,0.04750398029634169,0.17040778892401792,0.2328082942376438
Cdc25B,-0.09795210673830212,-0.1103647298060538,-0.2857224049194117,0.21164296074746192,0.18142900842344162,-0.14949448692596382,-0.08655088207814793,-0.1443099468692563,0.2654382565546992,-0.157887583191149,0.5817116873807204,0.4585509264086218,0.3570718733855803,-0.1556984821198868,-0.0535100713631691,0.1435960026005476,0.16135939228835613,0.1391304347826087,-0.08587354388963778,-0.14717718794123782,-0.1566742944317315,-0.1391304347826087,0.458822378024183,0.13406749747787855,-0.36796907754903857,0.017163537743823586,0.014762936974707078,0.26417284697392546,0.45908135676838047,0.04666012575542243,0.26873491270471783,0.49511442226578356,-0.16747041523839493,0.5032638651548078,0.42575354146052574,0.4117854146406497,-0.004282254891977944,-0.08445848651632851,0.26722870873683247,0.248892031778559
Cdc25A,-0.30347048330491655,-0.30832027980726173,-0.18230835406800078,0.2521541787343861,0.19309432361627427,-0.35441294818686975,-0.26667030123457175,-0.3602500414062987,0.29598356885503124,-0.3726678865525414,0.4793973049492687,0.4481230494964564,0.358552338652505,-0.357497372635946,-0.19265756828813874,0.35719867844956876,0.3908844909045641,0.3280024231409965,-0.10341517079938892,-0.3685279543433824,-0.36151258506021666,-0.3302899839886141,0.46143201803228634,0.2571005932121924,-0.3702843269779915,-0.12279389560821971,-0.12462376172016043,0.18261979221778213,0.4626385214315338,0.17295243010782685,0.29893017994804427,0.24366297310329896,-0.30227653418624717,0.398151113333933,0.4298783530984417,0.3186181317273497,0.05911640447552243,-0.25661915426412135,0.29740205172742523,0.2662820916185066
Cdc20,0.15235778361172367,0.16133938081832194,0.3254198775115555,0.001408619711455629,-0.049519099756880625,0.20210441567698986,0.1350146663690123,0.20216769625785988,-0.1778678799197836,0.2136215502441646,-0.4041250234774402,-0.38228674037286814,-0.10628167708798397,0.20711143631717088,0.09172437919960387,-0.2008762999862499,-0.22335596069461178,-0.19070723684210528,0.24717221546425386,0.20646128856659202,0.20915446303140892,0.1917408906882591,-0.3835696293867799,-0.17262660869706553,0.3589355083500567,0.21778789825839157,0.2194738352909312,-0.31983706720264404,-0.38384107570964515,-0.08317042888783188,-0.18015205404862475,-0.43444101742020597,0.19833016765671785,-0.43606721463666354,-0.3507196565596628,-0.34079802398483183,0.05199022051636326,0.13123824639995452,-0.17911290785531345,-0.3719373505679896
b_catenin_TCF4,0.9,0.9,0,0,0,0.8,0.8,0.9,0,0.8,0,0,0,0.7,0.8,-0.9,-0.9,-0.6,0,0.9,0.7,0.6,0,0,0,0,0,0,0,0,0,0,0,0,0,0,0,0.8,0,0
ATR,0.1424256681846539,0.1540725413831426,0.4010615713227478,-0.12210041435213766,-0.21525239206972774,0.19225425209393146,0.12904404667190014,0.19031192797289453,-0.2904644728481969,0.20070982584310842,-0.40999680139103034,-0.3877827197964362,-0.3790900370178392,0.19089884474499857,0.09171484404559083,-0.18954972164954953,-0.2085439907944445,-0.1619047619047619,0.07307284043542578,0.19345784449701098,0.1917293233082707,0.1619047619047619,-0.3900411300832114,-0.18683016451561502,0.39613699310789363,0.14970243524140586,0.15220997899517774,-0.08910419662813508,-0.38931787474800245,-0.08347983660232375,-0.19353693427739133,-0.5173040810811902,0.20478593469530676,-0.5328520237939631,-0.36170001707526256,-0.4446244882411782,0.023040941619484317,0.12665584770711652,-0.2922604937230514,-0.28318813618858474
A_Kinetochores,0.24178819236275917,0.24557327928590983,0.25115189761458817,-0.06598522675191346,-0.2883092747459265,0.2785811123921162,0.21783952705230064,0.2889251068592019,-0.20355523619624064,0.29056979083023937,-0.3286151617466115,-0.30835864800636015,-0.029287147373597992,0.26871548619447777,0.16179544321850792,-0.2872414965308302,-0.3119045130137843,-0.23266106442577028,-0.157513457358894,0.2941540031003795,0.27067001667431473,0.23347993402968664,-0.3193010657997259,-0.09117812712454035,0.16337337977634628,0.05256413698549215,0.05376615121248703,-0.2112947539902454,-0.3173619557294683,-0.14780441266483363,-0.2040134990252612,-0.27507965646551924,0.20293459905747485,-0.2405692162586872,-0.20287741149893326,-0.27391682881773344,0.125383721026607,0.2119981244325587,-0.20420003251103053,-0.1151129440627316
