Source,YAP,WT1,Wee1,UbcH10,Stress_Fibers,SMAC,pRB,Plk1,pAPC,p27Kip1,p21,Myc,Mst1_2,MCL_1,Lats1_2,IAPs,FoxM1,FocalAdhesions,Emi1,Ecadherin_mRNA_H,E2F1,Cyto_C,CyclinE,CyclinD1,CyclinB,CyclinA_mRNA,CyclinA,Cdk1,Cdh1,Cdc25C,Cdc25B,Cdc25A,Cdc20,Casp9,Casp8,Casp3,Casp2,BIM,BIK,BID,BCLXL,BCL2,BAX,BAK,BAD,ApicalBasal_Pol,AMOT
YAP,0.9,0.9,-0.4926325390210652,0.3509045508915555,0.8,0.2683927127728164,-0.5946049744359555,0.6170087518737842,0.4201680366763382,-0.5836822544849444,-0.5798531257426708,0.6666380601715594,-0.8,-0.46623633207690907,-0.7,-0.26239028084827976,0.7266223183879658,0.9,0.026523302769128954,-1,0.4501035293118517,0.2683927127728164,0.5973835817742816,0.7178275294638639,0.445965302206034,0.6320951424973359,0.2775041301860411,0.5469898818412379,-0.40237339705182595,0.5577128307288091,0.7037043240495907,0.592841086957775,-0.13138515632636003,0.28229192922772156,0.25708516661914116,0.2786756534270193,-0.4969564974524904,0.25013079273894223,0.25013079273894223,0.18785883534778122,-0.06845964553555513,-0.09612247960812732,0.27261148824903747,0.27261148824903747,0.26414466381584933,-0.9,-0.6
WT1,0.7,0.6,-0.40748671350272553,0.303834025318546,0.5,0.24106104020144134,-0.5191195534075156,0.5227245193348147,0.3321391247548813,-0.508834515836704,-0.45811641729862684,0.597344841759145,-0.6,-0.42053327035341426,-0.5,-0.2121212121212121,0.6291684525989302,0.6,0.09113930947812293,-0.8,0.4392034567852587,0.24106104020144134,0.5145233842420625,0.62689831503589,0.4120577765615705,0.5274060405694588,0.2651170625351645,0.43476680806528833,-0.3478832479601369,0.4423932663081599,0.5676064311594202,0.5093897711652837,-0.14458666289929495,0.21923076923076926,0.1,0.17037037037037037,-0.4095194573654438,0.23554670392141913,0.23554670392141913,0.1894193900484016,-0.06949909301292059,-0.09383484596903754,0.2571535851885879,0.2571535851885879,0.1,-0.7,-0.4
Wee1,0,0,0.299638923349663,-0.031428376403139835,0,-0.05958763955049888,0.12894733673779898,-0.4107799531575484,-0.31949467515668994,0.266551718740731,0.2605069496965808,-0.15276437741041776,0,0.17941550693201666,0,0.059392476472230685,-0.3282697969068596,0,0.3176726207459489,0,-0.08171252736956255,-0.05958763955049888,-0.25819288531588913,-0.17827338967699743,-0.016579153953883662,-0.299951614119617,0.05721980860515933,-0.4632446794196743,0.14550290566423235,-0.36596886282587743,-0.327111758373595,-0.2928822907280131,-0.01096304674823276,-0.06557192549356641,-0.059863114181038526,-0.06566351944952889,0.31384883205852854,-0.058805559964012585,-0.058805559964012585,-0.012839985340654097,0.02438797267597115,0.03399474569064174,-0.05953034309007915,-0.05953034309007915,-0.061384987990904916,0,0
UbcH10,0,0,0.4573480823038946,-0.07678678771562097,0,0.14075525837589403,0.342660345851702,-0.4616002384458794,-0.2435353665519732,0.3794946547397068,0.15999356194169187,-0.07729725299577521,0,0.01699235044294799,0,-0.14291858558911347,-0.44516652628134257,0,0.22103734841274214,0,0.1551642750567387,0.14075525837589403,-0.17118951716383463,-0.07939980332139042,-0.2493362506955264,-0.23104143157281806,-0.3064757803197648,-0.44965281361028425,0.3527589058597183,-0.4415739721354897,-0.4373725935886748,-0.36919849222071477,0.13044770749888848,0.15694532437857273,0.15933758978451715,0.1640051371204925,0.3169734516733201,0.11055840726659534,0.11055840726659534,0.14453279207186426,-0.14353667296180722,-0.1506232280918539,0.1394784088690078,0.1394784088690078,0.1658465233332056,0,0
Stress_Fibers,0.9,0.8,-0.4729642464532226,0.3403445761425937,0.7,0.26239028084827976,-0.5776698187061338,0.5950459360039835,0.3982893383763499,-0.566520755958215,-0.5509713772404785,0.6493373050371262,-0.7,-0.45391111279820884,-0.6,-0.2534381642625754,0.7037043240495907,0.8,0.04013621198955823,-0.9,0.44357545174391333,0.26239028084827976,0.5776241157255351,0.6956264849207014,0.4386624467827683,0.606489575491596,0.2750369269863167,0.5202610652227717,-0.39005144385818935,0.5302975300309478,0.6709728126139477,0.5733115814223737,-0.13509859165043053,0.2705340532311274,0.22181545707557268,0.25708516661914116,-0.4765788881341179,0.2458240126381323,0.2458240126381323,0.1874107190418944,-0.06828611172500382,-0.09519085131800846,0.2683927127728164,0.2683927127728164,0.22641379310344828,-0.8,-0.5
SMAC,0,0,-0.5065001498116971,0.08289249691147708,0,0.49400067729376496,-0.4058859787705459,0.31133847764022565,0.2168177355449452,-0.3857314327044395,-0.4062150925802802,0.3564128964201202,0,-0.5073699709633029,0,-0.5493022337139984,0.088586096581574,0,0.13898271723383804,0,0.26500543667256965,0.49400067729376496,0.026161165330967396,0.3800372925853869,-0.0020583320657238265,0.3208403224436868,0.15530517176329103,0.4324800057944837,-0.19502565631570606,0.26792111119041184,0.06515958140481727,0.18869448083573612,-0.13144863113926827,0.8644144312535079,0.7976401179941003,0.8894433966826248,0.28186292558555215,0.4876020458240811,0.4876020458240811,0.4755271035639613,-0.4775961700401292,-0.5161802703966751,0.5208953217653918,0.5208953217653918,0.7981308411214953,0,0
pRB,0,0,0.4737133469690146,-0.3028628743153033,0,-0.1956477721976609,0.5397556389673503,-0.5925308474123742,-0.3014061784047765,0.54260595377045,0.6050180881002905,-0.5651702049267493,0,0.41392719071046286,0,0.19118467110613557,-0.5922851792349074,0,-0.11557682167946126,0,-0.29809922633976094,-0.1956477721976609,-0.6206268744278522,-0.6208579699750534,-0.3345242228451039,-0.6626116923357057,-0.3495049171412832,-0.4378531079881777,0.48450517513599206,-0.542817043509994,-0.5737049887531889,-0.6473973803549946,0.17706129981421265,-0.2063953032080806,-0.19933333333333333,-0.20763461140753608,0.3918013522507639,-0.1738276100654459,-0.1738276100654459,-0.12887694315359463,-0.015763656789670354,9.692071562993863e-4,-0.19887717576306332,-0.19887717576306332,-0.20804661289944965,0,0
Plk1,0,0,-0.06369616020058683,-0.06089581762112732,0,-0.2760685178393009,0.1665855838339497,0.05753324052310377,0.2787304844715308,0.06861042946834714,0.06619194776851162,-0.015587853986114753,0,-0.0133269754565457,0,0.27222955838219287,0.08611837932912898,0,-0.12954465044740182,0,0.1378071672456059,-0.2760685178393009,-0.027608218319873406,-0.01722278339076245,-0.12710582051967792,0.09296574284779775,-0.17474431725352255,0.12230714278477886,0.14656227550934303,0.12041813147891485,0.08938447341154959,0.0464836274056559,0.15156623883361695,-0.3144188230410092,-0.31562626532717064,-0.326872300669264,0.0059706861249136664,-0.25524003957665065,-0.25524003957665065,-0.2506721749094592,0.25016688763405714,0.2863575097616631,-0.2786030638740863,-0.2786030638740863,-0.3301211407923154,0,0
pAPC,0,0,0.4255673517826228,-0.18173574091025355,0,-0.23115061949401414,0.3366707132285761,-0.4391001803662964,-0.0979874220992526,0.37581160840506556,0.22368755688228217,-0.09977954189636146,0,0.26506211576976124,0,0.22723673709328293,-0.4377249016033491,0,0.37874973898573516,0,0.13499224543248955,-0.23115061949401414,-0.22087913554961275,-0.1042315008290545,-0.39177806643391433,-0.28000602966490806,-0.25152673167332146,-0.5081445010219222,0.3086179618870265,-0.5059470745807892,-0.4313181268778483,-0.3836198551840984,0.21539022011927825,-0.24551992188923735,-0.22713341774799095,-0.2440538286899392,0.4656039170309646,-0.21486439031947535,-0.21486439031947535,-0.10167804863694711,0.19439148655766234,0.21393069498756073,-0.23333589246683517,-0.23333589246683517,-0.23473184952880938,0,0
p27Kip1,0,0,0.4454846215166105,-0.2962952228112893,0,-0.15687691116486083,0.7180811232187276,-0.5634846360396616,-0.3379151708159309,0.6191115371057598,0.6807900438339759,-0.5501675814702546,0,0.3975220469529754,0,0.15180853365346456,-0.6648408360300728,0,-0.08650881750079564,0,-0.2950579449355325,-0.15687691116486083,-0.7028203604432401,-0.6025339877860586,-0.4121313505110722,-0.6414550537923652,-0.3329296820667216,-0.5025623333912795,0.4591237266097087,-0.5081340992145967,-0.6392210481643821,-0.6245459504423213,0.17301408922583728,-0.16099679589461105,-0.15010519501537464,-0.15901104743267744,0.4609939119426583,-0.1478554607303487,-0.1478554607303487,-0.09991093792197231,-0.03513671154478879,-0.024042338479066505,-0.16090995264846858,-0.16090995264846858,-0.15544267053701016,0,0
p21,0,0,0.46708677490199096,-0.2500303612554327,0,-0.047603537708406654,0.535636467292755,-0.4870449909840973,-0.16900977074775034,0.5378913913941645,0.40133506534733066,-0.36326561712808464,0,0.20389429909542742,0,0.04272362061743202,-0.4852462957677762,0,-0.06336597462391226,0,-0.08449820049221693,-0.047603537708406654,-0.4180482760963059,-0.6152661868083376,-0.3327657272752009,-0.4492260864094189,-0.3449392311488122,-0.43192740212674846,0.48726850024605267,-0.43682037889170583,-0.4663898071153417,-0.4401563347416307,0.17404204965667605,-0.04429582588722536,-0.028030303030303027,-0.037497114782207276,0.3890285608919253,-0.052449149147868836,-0.052449149147868836,-1.9471807715691047e-4,0.0010448549462781,0.006983921212078549,-0.050917742526770025,-0.050917742526770025,-0.02847222222222222,0,0
Myc,0,0,-0.4720935276404986,0.33377637145566164,0,0.24924847095481514,-0.5652911885277659,0.5949926356618269,0.4007291717174419,-0.557167090433405,-0.554070195362766,0.5305187094086947,0,-0.4337448532694258,0,-0.24423469685013197,0.6034451218410212,0,-0.005308120110045955,0,0.4034880452960133,0.24924847095481514,0.5679013428278836,0.6826928378920846,0.42300900642293565,0.6052161492184488,0.2514529086361799,0.5284554584953614,-0.37739273444451615,0.5382631816741276,0.5835976953193885,0.5676836440932631,-0.11566326901491615,0.26577741661315146,0.24733021183269224,0.2653329603439153,-0.4778193261376419,0.22946641174804863,0.22946641174804863,0.16967146086071794,-0.05967727135304046,-0.08826172888079656,0.25288657032561146,0.25288657032561146,0.2552239835028801,0,0
Mst1_2,-0.9,-0.8,0.4535358562372311,-0.33350491225920065,-0.7,-0.2641541955742842,0.5635615088825943,-0.5726774806962668,-0.37808426693940317,0.5519745286978676,0.5188102839947187,-0.6373745040955784,0.6,0.45032749464002625,0.6,0.24745728087373972,-0.6800927730992802,-0.8,-0.07856933104075042,0.8,-0.45204628730972757,-0.2641541955742842,-0.5603029000600404,-0.6756094583773548,-0.43797323585309017,-0.580565599561734,-0.2842688822264893,-0.49043545990310145,0.3833787482719878,-0.4992243065577645,-0.6326017099455664,-0.5554492214454798,0.14953300438599307,-0.2589082043931542,-0.17241379310344826,-0.22641379310344828,0.45559804349103183,-0.25199640368604814,-0.25199640368604814,-0.19829649269375693,0.07318701537826135,0.09835281710929464,-0.27401617800841216,-0.27401617800841216,-0.17419354838709677,0.7,0.5
MCL_1,0,0,0.5147173781110322,-0.052484824127837226,0,-0.8931367298553727,0.3983323259790989,-0.2955618161563055,-0.21221811783909877,0.3913221674529363,0.3803066194690966,-0.3515225320910902,0,0.5351909644955497,0,0.7986798679867987,0.02854272634371589,0,-0.22924881796764493,0,-0.30768347787484046,-0.8931367298553727,0.1496334979068746,-0.3592105939634656,0.05383097559227721,-0.29949669524830297,-0.15628496984365653,-0.4227400844717149,0.17611087337415268,-0.24792181132561733,0.062462462462462454,-0.11474853642561952,0.1708290554894471,-0.7992994746059544,-0.6,-0.7,-0.4528881343142803,-0.9700141585191515,-0.9700141585191515,-0.9680294741422216,0.9235102277466197,0.9393818313151725,-0.9789876865522509,-0.9789876865522509,-0.6,0,0
Lats1_2,-1,-0.9,0.48376206679200695,-0.35043124840004947,-0.8,-0.27401617800841216,0.5910754156006088,-0.6060634814019072,-0.409155060728598,0.5792292124857965,0.561836256236027,-0.6639170126170426,0.7,0.46904385169616847,0.6,0.2641541955742842,-0.7148214326058713,-0.9,-0.05932702596323466,0.9,-0.46099306902807113,-0.27401617800841216,-0.5906699679750351,-0.7092044822314523,-0.45121998358764587,-0.6181169246830479,-0.29008837985060587,-0.5297334972273325,0.4034209072557344,-0.5397923526660775,-0.6800927730992802,-0.5854559294783492,0.14604663508029728,-0.28019162685304727,-0.22641379310344828,-0.26414466381584933,0.48665790610143417,-0.2583909079088339,-0.2583909079088339,-0.19912725255631186,0.07354083499321494,0.09986062715341244,-0.28048087155304047,-0.28048087155304047,-0.23052542611635443,0.8,0.6
IAPs,0,0,0.5243735077338455,-0.09202144538103804,0,-0.5208953217653918,0.4245857014732338,-0.3291348017430763,-0.23219883770359057,0.40276277705312474,0.43824164470835514,-0.3737619473972103,0,0.5218163362933689,0,0.49400067729376496,-0.10675991054469809,0,-0.1312768267114485,0,-0.2710578250556199,-0.5208953217653918,-0.04024417927535294,-0.4019196651765721,-0.005541550712433836,-0.3413065197230634,-0.15985994316556168,-0.453026040071088,0.20656761176957858,-0.28872316282680444,-0.088586096581574,-0.20490593844458843,0.13092164585851235,-0.9219473879390071,-0.8894433966826248,-0.9702090362717939,-0.2719268628857481,-0.5012369133903846,-0.5012369133903846,-0.487365588140637,0.48404506592763064,0.5246027678231343,-0.5373187847717098,-0.5373187847717098,-0.8912033234819828,0,0
FoxM1,0,0,-0.3649994714042994,0.2535563483083913,0,0.06574045122577653,-0.18506345541229918,0.4820081471082228,0.3753153207739613,-0.32075849614704494,-0.2397157320836211,0.08095952901290274,0,-0.23539145886364615,0,-0.06429048351608854,0.3908578662066722,0,-0.3693632012818712,0,-0.06003422050809513,0.06574045122577653,0.24149283635093308,0.09355298377787209,0.3016961356918468,0.4041525830026142,0.08929958346413137,0.44023435025698143,-0.23403045788682983,0.4421685660664699,0.48742349684734776,0.4481184261961732,-0.038604960367604316,0.06907473113285863,0.06025573192239858,0.06708304115934637,-0.39146790682071186,0.06767907921568994,0.06767907921568994,0.008164225733113732,-0.022713819419549676,-0.03132644770429757,0.0664060746529728,0.0664060746529728,0.061629234252376416,0,0
FocalAdhesions,1,0.9,-0.48376206679200695,0.35043124840004947,0.9,0.27401617800841216,-0.5910754156006088,0.6060634814019072,0.409155060728598,-0.5792292124857965,-0.561836256236027,0.6639170126170426,-0.7,-0.46904385169616847,-0.6,-0.2641541955742842,0.7148214326058713,0.9,0.05932702596323466,-0.9,0.46099306902807113,0.27401617800841216,0.5906699679750351,0.7092044822314523,0.45121998358764587,0.6181169246830479,0.29008837985060587,0.5297334972273325,-0.4034209072557344,0.5397923526660775,0.6800927730992802,0.5854559294783492,-0.14604663508029728,0.28019162685304727,0.22641379310344828,0.26414466381584933,-0.48665790610143417,0.2583909079088339,0.2583909079088339,0.19912725255631186,-0.07354083499321494,-0.09986062715341244,0.28048087155304047,0.28048087155304047,0.23052542611635443,-0.8,-0.5
Emi1,0,0,-0.41793654871558583,0.21120671471599003,0,0.03312386403393773,-0.32503478481680864,0.4322572728373184,0.1560640977084693,-0.35820096463340056,-0.17251659637029984,0.07665998128035269,0,-0.14329379835662204,0,-0.03053383137370184,0.4236069531439323,0,-0.25512212863871103,0,-0.14546280752351015,0.03312386403393773,0.1778888743155844,0.07930448621147189,0.2805243618992913,0.24001167459375927,0.26199868856372577,0.3992058985032547,-0.4209146245459011,0.397604112615723,0.4177920801196911,0.3626716953995749,-0.13723354075861768,0.031215581432485796,0.020678294841868495,0.02669074921163444,-0.3554776031603938,0.038094904472844644,0.038094904472844644,-0.012823561839330727,-0.005643824867989289,-0.00980715544119946,0.03448583539590909,0.03448583539590909,0.020893682008869097,0,0
Ecadherin_mRNA_H,-0.8,-0.7,0.44836595324621625,-0.3275872576790927,-0.6,-0.2571535851885879,0.558899289090335,-0.5677526449018624,-0.3710235006010768,0.5471650696855586,0.5154659984105842,-0.6340619043941342,0.7,0.44540316901131616,0.6,0.24106104020144134,-0.675636516219228,-0.7,-0.06834955627599859,0.8,-0.45069569806398924,-0.2571535851885879,-0.5561471597692085,-0.6726272809960698,-0.4326279381073418,-0.576761473350306,-0.2756539176891647,-0.4859039393420278,0.3762653500464773,-0.49502320068999517,-0.6291684525989302,-0.5505329074623038,0.14201618197060506,-0.2531674208144797,-0.17037037037037037,-0.22237037037037038,0.45083502056406805,-0.2448337021239356,-0.2448337021239356,-0.19135675735201094,0.07016951812338837,0.09605032796824631,-0.26691712447157795,-0.26691712447157795,-0.17241379310344826,0.8,0.5
E2F1,0,0,-0.4748602925580845,0.30287510786041477,0,0.34953561765216445,-0.5414337246772609,0.5926796675993522,0.3014631980142275,-0.5437075826599647,-0.6093164044530764,0.5663783340853945,0,-0.5170982192860291,0,-0.3438163344601906,0.5921070613918726,0,0.11646957478515822,0,0.29879755474998315,0.34953561765216445,0.6160989139478578,0.6222988631061392,0.33452421389971837,0.6629591179413094,0.34965126454439743,0.4382133035722622,-0.48464731152261764,0.5429038800618284,0.573499004727924,0.6473702799676391,-0.17719477938779685,0.3797871106033253,0.3706823613340467,0.38690501182718806,-0.38373912477352773,0.32125195544498136,0.32125195544498136,0.27744988728351855,-0.1417963853362538,-0.19463781915266937,0.35361258433745124,0.35361258433745124,0.38288173923390445,0,0
Cyto_C,0,0,-0.4917172789323968,0.0821875266472355,0,0.48110279707213877,-0.3885492200700463,0.2972804781854884,0.2050608292413282,-0.3550365958703173,-0.38138294522139715,0.34121525631953736,0,-0.490098800648844,0,-0.44101815378314246,0.09996248811075732,0,0.1193813606399065,0,0.24901469061151782,0.48110279707213877,0.055881932453195594,0.3662439914134078,9.99740178678972e-4,0.3083141817561529,0.14792093195268513,0.42099365651310483,-0.18744401757757187,0.25197944603050704,0.07777791565709975,0.19263675141397016,-0.11994778969575823,0.8586305073766723,0.7969981238273921,0.8873494610062072,0.2619732711299261,0.47138770755670967,0.47138770755670967,0.4587774690091605,-0.4592130687124514,-0.4991182715451557,0.5051815321479697,0.5051815321479697,0.7976401179941003,0,0
CyclinE,0,0,-0.44276454957940414,0.3129352683427271,0,0.02132943243812533,-0.6148061166147718,0.5634468472899972,0.38788804777800717,-0.5159578940463962,-0.5974355048634147,0.46069285112707775,0,-0.29698874174340606,0,-0.01784848319242642,0.6686369993410749,0,-0.0715833344294342,0,0.20776693742083366,0.02132943243812533,0.5136437636711326,0.51566254868026,0.39413745006578743,0.5582833913463465,0.31252596855767856,0.5054997095435643,-0.44533089963613015,0.5125129927171727,0.6530275084338971,0.6274983273531485,-0.06098600905266523,0.017073489075660482,0.0075465127847975325,0.012160491770635815,-0.4586900517764394,0.03145364894198742,0.03145364894198742,-0.021263269683568155,0.04805398308674092,0.043219230650245806,0.023784422475177168,0.023784422475177168,0.007009051554506099,0,0
CyclinD1,0,0,-0.49032213512764156,0.32046962656435735,0,0.21021520694136756,-0.7689275989293759,0.6072414444233905,0.2915642962105234,-0.7673056905876774,-0.6203724112672127,0.5993063876048805,0,-0.44120673646533043,0,-0.20438344534197112,0.6072338704557814,0,0.18231876438000366,0,0.35060197709180907,0.21021520694136756,0.647731046056018,0.750633148973349,0.36721706200212323,0.6804061389726676,0.3929614907394173,0.4417105152957664,-0.51274996332137035,0.5475763967665623,0.5744170411975206,0.6692674852953664,-0.21648442533556295,0.21727629348050245,0.1991475409836066,0.2142700116971316,-0.40278303864978166,0.19443232322288306,0.19443232322288306,0.1520716805740612,0.02107055189767386,0.005105215496071823,0.21505006731334317,0.21505006731334317,0.20494286107669007,0,0
CyclinB,0,0,-0.3483735004548225,0.2161804185793065,0,0.24663751280541266,-0.17501076061607324,0.36659993305003746,0.3541372301453467,-0.3134650985739691,-0.308023624423272,0.177576136506306,0,-0.24164935764439893,0,-0.24507172855244752,0.37764348956961846,0,-0.3608202286739809,0,0.08402979613882315,0.24663751280541266,0.288363398268387,0.20737769549633528,0.19007740478673524,0.3375971285852727,-0.04601336075084807,0.4282418801932245,-0.22334392452317756,0.4286552573559449,0.37600317586842313,0.3447234881754642,-0.029353415727136855,0.27396207447032095,0.271476626538366,0.2822527044243187,-0.3774326548123155,0.2223004677683485,0.2223004677683485,0.12260895443260647,-0.20399673884226668,-0.23263428154514104,0.24752799685343158,0.24752799685343158,0.2827524300257503,0,0
CyclinA_mRNA,0,0,-0.43491091695128564,0.28898534701333545,0,-0.12881491157766226,-0.3159183418826341,0.43866915015347113,0.24122684363140162,-0.3596065293339074,-0.15356150186835701,0.08064340444304598,0,-0.029937238018633287,0,0.13091020575303886,0.4245533100158772,0,-0.21359823198498437,0,-0.1207415180325799,-0.12881491157766226,0.1642084098429552,0.08091448767135999,0.22724792488381645,0.22634138115923128,0.27230554768362736,0.42967725924882016,-0.33160712913609525,0.42074483889210923,0.4179135940912665,0.3474550968873201,-0.08953136452688006,-0.14554765198575792,-0.15146352941176472,-0.1539204034316288,-0.2971357445128437,-0.09806979091265189,-0.09806979091265189,-0.13226658841097327,0.1305654700902854,0.13809425216731847,-0.12774481788046294,-0.12774481788046294,-0.15863179074446682,0,0
CyclinA,0,0,-0.4379290918297296,0.29034737613053513,0,-0.12774481788046294,-0.3179384465490646,0.44230150995774065,0.2461204835714231,-0.36186883683531157,-0.15837929120032862,0.08363638207377698,0,-0.0318880053479154,0,0.12881491157766226,0.4284871341486186,0,-0.2161515510533535,0,-0.11887487125692117,-0.12774481788046294,0.16752888273531485,0.08483034958581424,0.22726762057897282,0.23133555028166172,0.17194007719666832,0.43463827802498517,-0.3331041031650349,0.42584363696530103,0.4245533100158772,0.3505688250500834,-0.08783069010616468,-0.14366266490318208,-0.1539204034316288,-0.15287047449668772,-0.30046299403709803,-0.09766028350377262,-0.09766028350377262,-0.13265754510721986,0.13098838481052275,0.1383420087212327,-0.1273170968571377,-0.1273170968571377,-0.1625185577631143,0,0
Cdk1,0,0,-0.3540131717255813,0.06782656287731499,0,0.2229004253380784,-0.1982313135152275,0.3696797192261111,0.34165792450008675,-0.320187033848708,-0.31211256740226434,0.179108854801969,0,-0.20561064303510643,0,-0.2214853190145602,0.38318239938882037,0,-0.3506794000276661,0,0.06061776750136809,0.2229004253380784,0.29205756630787827,0.21211761270872778,0.07283869686870184,0.34181342176875434,-0.006345709104844025,0.4191506881591267,-0.21456726753260033,0.42226586933334065,0.3812248419125651,0.3486299985400964,-0.007977010750036973,0.2525644551940581,0.254614928815437,0.2630348909488275,-0.36149998156534646,0.1935291017844833,0.1935291017844833,0.10566142506189743,-0.1755523217526242,-0.2058081881624349,0.2237472736112336,0.2237472736112336,0.26697113567767516,0,0
Cdh1,0,0,0.24045777856867137,-0.2864600518104664,0,-0.017979104770627214,0.18074202846706927,-0.3699467354960718,-0.27812529071074044,0.18625457828745332,0.11336224491071553,-0.051236069270444926,0,0.1441404934687742,0,0.017750279979095514,-0.26522524491767563,0,0.24307023564140212,0,0.07647829280057647,-0.017979104770627214,-0.11500337099941271,-0.05524419083328298,-0.14968932471864052,-0.1802490064399855,-0.09593716329294119,-0.3147887846270848,0.15889788927435153,-0.3134502118361746,-0.2640861933538607,-0.3332769079111791,-0.07715732480870971,-0.02045880267446116,-0.02007706637697714,-0.021019532130401797,0.2440647741776663,-0.013758998060977152,-0.013758998060977152,0.02301920767033285,-0.020861137023215102,-0.01740122022043709,-0.01791091578973732,-0.01791091578973732,-0.021990974175570742,0,0
Cdc25C,0,0,-0.3524914937036379,0.06720656777046552,0,0.2214853190145602,-0.19664119433445998,0.36789901311284534,0.3392667231583265,-0.3188435670594707,-0.3079436088997717,0.17679926645212782,0,-0.20432689629253908,0,-0.2192296146225583,0.3812248419125651,0,-0.3498009851141538,0,0.05930465882346607,0.2214853190145602,0.290154815533438,0.2089328861223274,0.07298868009306912,0.3389142207497641,-0.006278377959102613,0.516852732768984,-0.21380794204427594,0.4198983767071593,0.37784814505035214,0.3470035394154841,-0.008859749956220717,0.24884284419532446,0.23905388435530997,0.254614928815437,-0.36054762261438517,0.19281091079770057,0.19281091079770057,0.10517067189697124,-0.1754779098232611,-0.2055904515736256,0.2229004253380784,0.2229004253380784,0.24932579533294832,0,0
Cdc25B,0,0,-0.35882737686614674,0.2324321470223334,0,0.12079136219359139,-0.1863852962573431,0.4749791496991372,0.3587226012789477,-0.31826460204521256,-0.24877331779696657,0.09538223852149022,0,-0.22056797214960394,0,-0.11767568755858418,0.48472344043505056,0,-0.36177544120606286,0,-0.05725258124400686,0.12079136219359139,0.24784729195574937,0.11177954086934432,0.2937275124171989,0.40816056915913634,0.09099246009014313,0.5292277391669493,-0.22698744050442743,0.531316860698353,0.4788158267836309,0.44521842454442806,-0.03176131259285265,0.12943331411908746,0.10992362247681398,0.1254996094968248,-0.3801454660452702,0.11218484921040636,0.11218484921040636,0.04360419666337481,-0.07433979385376656,-0.08975929869635438,0.12247460145492717,0.12247460145492717,0.11321384628004265,0,0
Cdc25A,0,0,-0.3694241197155065,0.27211951034747234,0,-0.15521431081266407,-0.28334902432258324,0.48622311686485836,0.3792778635249644,-0.3142613886188159,-0.14434706573093417,0.06501026453665344,0,-0.1236876675576232,0,0.15592464462543595,0.48361926589190085,0,-0.3345772881104838,0,-0.1286168488619356,-0.15521431081266407,0.156286332752415,0.06740112373250048,0.2106023120582276,0.3397948921240028,0.21376555820777807,0.3473763102362676,-0.36040934395755764,0.44816561438776137,0.48007608393856777,0.32693889631399287,0.033143612832889094,-0.173601194780082,-0.18042168634993283,-0.18256000910302336,-0.29928141079893444,-0.12091401813197297,-0.12091401813197297,-0.15416136734998626,0.15300109589027616,0.1621266245459188,-0.15507946544272355,-0.15507946544272355,-0.18950480896694497,0,0
Cdc20,0,0,0.4174117564530337,-0.03440636954937919,0,-0.2532913294079588,0.24636296654080425,-0.4346127191588252,-0.13265109848525766,0.37548214180067,0.28220994195788823,-0.09892999277766246,0,0.270040178093172,0,0.24932780207399569,-0.43839154299685584,0,0.400062178279864,0,0.08595593967779591,-0.2532913294079588,-0.2750118404301568,-0.11266310199447242,-0.37390066141951783,-0.33312759073319376,-0.14700217380828284,-0.49604172340855834,0.30057245552673084,-0.4959620204068835,-0.43218125320916023,-0.3969792454537758,0.11028932135539622,-0.27242269106213096,-0.2535598131896963,-0.27243187013439424,0.44969344765764774,-0.23497944596536638,-0.23497944596536638,-0.12060006410339619,0.21528555414699468,0.2403242727480454,-0.2556064941347137,-0.2556064941347137,-0.26215331547005905,0,0
Casp9,0,0,-0.5087004998284355,0.09081236226624734,0,0.5051815321479697,-0.40600286245415224,0.3141260826993026,0.2200149032547889,-0.3711065682496412,-0.4120468019126511,0.3575918587475873,0,-0.5038583196869201,0,-0.48110279707213877,0.11735866523378347,0,0.11165311781325249,0,0.2548749693254262,0.5051815321479697,0.06928272218666055,0.386971208740681,0.007954181275657534,0.32768593103148536,0.15209058880178955,0.440628004794677,-0.19839689043759454,0.2720950055152254,0.09996248811075732,0.207926301818299,-0.11942437098781866,0.8119223837955847,0.8873494610062072,0.9653707791266095,0.25200763539109444,0.48381435652927685,0.48381435652927685,0.4695206089756791,-0.46506482423910933,-0.5067879457446212,0.52008518118446,0.52008518118446,0.8894433966826248,0,0
Casp8,0,0,-0.5149203728499208,0.09088302392429237,0,0.6179347975351392,-0.4116009745984813,0.3149628727136161,0.22039787954843484,-0.3757254413898209,-0.4219013735185834,0.36175714412448307,0,-0.5159566270686086,0,-0.5901825742907356,0.11677527898721918,0,0.11480963149366721,0,0.2576942172874652,0.6179347975351392,0.058195963934541725,0.3915377003369352,0.007936583440630578,0.329391785601001,0.15272373344238693,0.4428893492209555,-0.19907098044249893,0.27264486878860295,0.09919537205596626,0.20798877639093688,-0.1200259286779934,0.8215078709197001,0.8896885761806719,0.9706136576138966,0.2772312809782785,0.5000474409647625,0.5000474409647625,0.587618534824466,-0.48317847084084475,-0.5258441213493691,0.6357618069593263,0.6357618069593263,0.9915096389468984,0,0
Casp3,0,0,-0.5206997171209347,0.096837423446913,0,0.52008518118446,-0.4182715419214465,0.32656241348118936,0.231324141730226,-0.3823333633618625,-0.43457069924420405,0.3695255939485934,0,-0.5131992510126581,0,-0.5051815321479697,0.12998083831469337,0,0.1056119736235043,0,0.25920413555335464,0.52008518118446,0.07977841380121915,0.4023314843468821,0.012649570531299911,0.3425081025740277,0.1543708038795862,0.4554351862841,-0.20582344924860202,0.2867629508809967,0.11735866523378347,0.21920180366659808,-0.1181216491497515,0.8465102257546061,0.9653707791266095,0.9245096296105121,0.24396254217636937,0.49203676095357196,0.49203676095357196,0.4762034653823334,-0.4686736210248991,-0.5115163130576366,0.5296669591154877,0.5296669591154877,0.9702090362717939,0,0
Casp2,0,0,-0.4500211059518785,0.03403093721565059,0,0.7979139504563234,-0.33580570881515637,0.24273897575908002,0.17083550460309188,-0.3297525022460276,-0.31572190568553765,0.290390610673024,0,-0.5652969121140143,0,-0.7,-0.036912239865031324,0,0.19700743070173216,0,0.2632582918815734,0.7979139504563234,-0.13484527870419194,0.29532289400707395,-0.06243184987954862,0.24450179457654056,0.12560296846011132,0.3585788035226237,-0.1381294964028777,0.19464872944693573,-0.07015437392795883,0.08840628642353937,-0.14417336394948335,0.7,0.5,0.6,0.4049490111359968,0.8855807401715969,0.8855807401715969,0.9842233715309469,-0.854625718476394,-0.8649025981851046,0.8904292437272842,0.8904292437272842,0.5,0,0
BIM,0,0,-0.48757458971370526,0.05380466425522745,0,0.8882062832778844,-0.37144419894087,0.27012478862058276,0.1854645823518017,-0.35810876493681215,-0.3504798044102857,0.32571142956693533,0,-0.5083247562590928,0,-0.7971731448763251,0.013547968527871707,0,0.18713379061958743,0,0.27341140036944783,0.8882062832778844,-0.08759766421868627,0.33617751936841406,-0.034409591867950805,0.27570527743861073,0.14198642523309615,0.3986442441054091,-0.16345777659260388,0.22013419010738047,-0.01907020110001968,0.12963765466139776,-0.14048280138242436,0.798422090729783,0.6,0.7,0.4084509218758507,0.8549012484532247,0.8549012484532247,0.8519848380894259,-0.6959053533093141,-0.816538541502908,0.9676335838061025,0.9676335838061025,0.6,0,0
BIK,0,0,-0.48757458971370526,0.05380466425522745,0,0.8882062832778844,-0.37144419894087,0.27012478862058276,0.1854645823518017,-0.35810876493681215,-0.3504798044102857,0.32571142956693533,0,-0.5083247562590928,0,-0.7971731448763251,0.013547968527871707,0,0.18713379061958743,0,0.27341140036944783,0.8882062832778844,-0.08759766421868627,0.33617751936841406,-0.034409591867950805,0.27570527743861073,0.14198642523309615,0.3986442441054091,-0.16345777659260388,0.22013419010738047,-0.01907020110001968,0.12963765466139776,-0.14048280138242436,0.798422090729783,0.6,0.7,0.4084509218758507,0.8549012484532247,0.8549012484532247,0.8519848380894259,-0.6959053533093141,-0.816538541502908,0.9676335838061025,0.9676335838061025,0.6,0,0
BID,0,0,-0.44626794561587324,0.05448683086007302,0,0.4795329009190713,-0.3399008952578588,0.253065272220288,0.1706237424547284,-0.32074524569557483,-0.3102956763720218,0.29775267962932095,0,-0.45523931311655097,0,-0.3950310559006211,0.04123056035385002,0,0.14586404970610897,0,0.23976602332736946,0.4795329009190713,-5.469752234020409e-4,0.31099739627367445,-0.02647417576072522,0.2577520917711057,0.1324804859736971,0.3703685884271918,-0.1545227246786641,0.20280939599350956,0.007960508146920736,0.14220859514418507,-0.12282583683543555,0.7967280163599182,0.6,0.7,0.2943434343434343,0.42551218182200473,0.42551218182200473,0.41835829469208397,-0.4430852117187955,-0.4731231979092712,0.5456934215264465,0.5456934215264465,0.6,0,0
BCLXL,0,0,0.5054490162904353,-0.05288321331044539,0,-0.891729879828205,0.3901536772843115,-0.28893749799155566,-0.2056152668262033,0.38254242151587575,0.3717446191225492,-0.3437178352516022,0,0.5259150299415954,0,0.7983471074380166,0.01598131502064813,0,-0.21640767580824422,0,-0.2972206470006599,-0.891729879828205,0.12942582519334178,-0.3521846691377005,0.04836423171652729,-0.2928039213645229,-0.1525356869883285,-0.41468492349129066,0.1729134104812805,-0.2415656958691978,0.05044977168949773,-0.1192139474818567,0.1628126742576661,-0.7990903922683342,-0.6,-0.7,-0.4349015680225833,-0.9651740920580995,-0.9651740920580995,-0.9628162976205112,0.8139047136364953,0.9315324614048246,-0.9754481805873715,-0.9754481805873715,-0.6,0,0
BCL2,0,0,0.5054490162904353,-0.05288321331044539,0,-0.891729879828205,0.3901536772843115,-0.28893749799155566,-0.2056152668262033,0.38254242151587575,0.3717446191225492,-0.3437178352516022,0,0.5259150299415954,0,0.7983471074380166,0.01598131502064813,0,-0.21640767580824422,0,-0.2972206470006599,-0.891729879828205,0.12942582519334178,-0.3521846691377005,0.04836423171652729,-0.2928039213645229,-0.1525356869883285,-0.41468492349129066,0.1729134104812805,-0.2415656958691978,0.05044977168949773,-0.1192139474818567,0.1628126742576661,-0.7990903922683342,-0.6,-0.7,-0.4349015680225833,-0.9651740920580995,-0.9651740920580995,-0.9628162976205112,0.813915573285492,0.8315245955427374,-0.9754481805873715,-0.9754481805873715,-0.6,0,0
BAX,0,0,-0.4767291282094832,0.07045627429404902,0,0.5456934215264465,-0.37292685154201183,0.2817943634429126,0.19328822063828738,-0.3510739679921686,-0.3576058029543003,0.32702199069403914,0,-0.4811471854051203,0,-0.4795329009190713,0.07119726401644713,0,0.1378618113177486,0,0.25043765050575206,0.5456934215264465,0.021215570676230762,0.34594437644887044,-0.011727862339080634,0.28889380656453084,0.14485854021159203,0.4013904024340804,-0.1763615218194085,0.23562221703316438,0.04123056035385002,0.16908200285744168,-0.12623505907049853,0.8860860267705603,0.7,0.7973575557390586,0.2828846936316627,0.4595457952673828,0.4595457952673828,0.44964077234745703,-0.4594273169819534,-0.49549732985371564,0.4883349309604088,0.4883349309604088,0.7,0,0
BAK,0,0,-0.4767291282094832,0.07045627429404902,0,0.5456934215264465,-0.37292685154201183,0.2817943634429126,0.19328822063828738,-0.3510739679921686,-0.3576058029543003,0.32702199069403914,0,-0.4811471854051203,0,-0.4795329009190713,0.07119726401644713,0,0.1378618113177486,0,0.25043765050575206,0.5456934215264465,0.021215570676230762,0.34594437644887044,-0.011727862339080634,0.28889380656453084,0.14485854021159203,0.4013904024340804,-0.1763615218194085,0.23562221703316438,0.04123056035385002,0.16908200285744168,-0.12623505907049853,0.8860860267705603,0.7,0.7973575557390586,0.2828846936316627,0.4595457952673828,0.4595457952673828,0.44964077234745703,-0.4594273169819534,-0.49549732985371564,0.4883349309604088,0.4883349309604088,0.7,0,0
BAD,0,0,-0.45492911668484187,0.0333868378812199,0,0.7983471074380166,-0.3422897317060802,0.25019555533763255,0.17783276895024747,-0.33691795252692075,-0.3222725225916291,0.29650494069149474,0,-0.46905788708445256,0,-0.7,-0.05044977168949773,0,0.20817927170868344,0,0.2712576269698433,0.7983471074380166,-0.1496909106485214,0.3009043014423624,-0.06859797897730158,0.25157770571970256,0.12863820372811147,0.3634881149806523,-0.14063630579038272,0.20108084738434934,-0.0815,0.08418876344466182,-0.1519164782550871,0.7,0.5,0.6,0.4130215031927616,0.8873106729121153,0.8873106729121153,0.8859716824396926,-0.9590251736839122,-0.968299962528954,0.891729879828205,0.891729879828205,0.5,0,0
ApicalBasal_Pol,-0.9,-0.8,0.47791985932397035,-0.3441213772886173,-0.7,-0.26691712447157795,0.5858384458240123,-0.600391272083044,-0.40151209911830976,0.5738399778274493,0.5576596277845054,-0.6602688009458584,0.8,0.4637975204757513,0.7,0.2571535851885879,-0.7096755385976882,-0.8,-0.04952199632167807,0.9,-0.4596316874899712,-0.26691712447157795,-0.5860240053839598,-0.7057947252677133,-0.44547586750313267,-0.6136047027394559,-0.2813797793434669,-0.5243123611081416,0.3959105379068334,-0.5347770966784602,-0.675636516219228,-0.5798845871924737,0.1386372154437395,-0.2736210457638519,-0.22237037037037038,-0.2587248517399575,0.4812423435844142,-0.25112689760632023,-0.25112689760632023,-0.19224013204183726,0.07051297307905538,0.09757197842128033,-0.2733368688149086,-0.2733368688149086,-0.22686923864800274,0.8,0.6
AMOT,-0.9,-0.8,0.4729642464532226,-0.3403445761425937,-0.7,-0.26239028084827976,0.5776698187061338,-0.5950459360039835,-0.3982893383763499,0.566520755958215,0.5509713772404785,-0.6493373050371262,0.7,0.45391111279820884,0.6,0.2534381642625754,-0.7037043240495907,-0.8,-0.04013621198955823,0.9,-0.44357545174391333,-0.26239028084827976,-0.5776241157255351,-0.6956264849207014,-0.4386624467827683,-0.606489575491596,-0.2750369269863167,-0.5202610652227717,0.39005144385818935,-0.5302975300309478,-0.6709728126139477,-0.5733115814223737,0.13509859165043053,-0.2705340532311274,-0.22181545707557268,-0.25708516661914116,0.4765788881341179,-0.2458240126381323,-0.2458240126381323,-0.1874107190418944,0.06828611172500382,0.09519085131800846,-0.2683927127728164,-0.2683927127728164,-0.22641379310344828,0.8,0.5
