Source,ZEB1_H,ZEB1,YAP,WT1,Wee1,UbcH10,Twist,Stress_Fibers,SNAI2,SNAI1,pRB,Plk1,pAPC,p27Kip1,p21,N_bcatenin_H,N_bcatenin,Myc,Mst1_2,miR_34,miR_200,LEF1,Lats1_2,FoxM1,FocalAdhesions,Emi1,Ecadherin_mRNA_H,Ecadherin_mRNA,E2F1,CyclinE,CyclinD1,CyclinB,CyclinA_mRNA,CyclinA,Cdk1,Cdh1,Cdc25C,Cdc25B,Cdc25A,Cdc20,b_catenin_TCF4,ApicalBasal_Pol,AMOT
ZEB1_H,0.8995050067626071,0.8997993403741038,0.7,0.6,-0.36462932707748597,0.2836431937115932,0.8999772649766966,0.5,0.8992463372474393,0.9998871371883681,-0.481027815558578,0.4759969679839663,0.2986576098645064,-0.4754866627592313,-0.3925925925925926,0.8944166273626566,0.7,0.5861739463827529,-0.7,-0.9998871371883681,-0.9999263502083645,0.999904022105904,-0.6,0.5847595648159299,0.6,0.19173109888397405,-0.8999696578927405,-0.9998570658509376,0.5288260367461137,0.47879948914431675,0.5903531629660662,0.41512282936271144,0.48346741070164007,0.2748492995723052,0.377357910906298,-0.32676254180602005,0.3826425613905629,0.49612188365650967,0.4734619366060988,-0.16669160815010936,0.8990341351606703,-0.8,-0.5
ZEB1,0.999567673260483,0.8998332838901867,0.7,0.6,-0.3674690611135877,0.2880417342180475,0.8999822726466938,0.5,0.8993401013142076,0.9999070167767359,-0.4832461990356727,0.47838870618132895,0.30402646200583605,-0.47816567033720003,-0.39382716049382716,0.8949748754174844,0.7,0.5879234572422634,-0.7,-0.9999070167767359,-0.9999395131002122,0.999920944988743,-0.6,0.5866846260452514,0.6,0.2056069857232648,-0.8999763523499853,-0.9998816790695224,0.5351247982979832,0.48114928209796687,0.59166235540293,0.42048200483127474,0.48536901165299956,0.2824709025795983,0.37942843784699903,-0.3319295139476704,0.3844449623242446,0.49675174013921114,0.4761759123213036,-0.17470985121220511,0.8991541513306389,-0.8,-0.5
YAP,-0.3263235238810802,-0.16987296729716925,0.7153809173264426,0.8235521235521235,-0.49218142085408473,0.35090405937034713,-0.2680381320477544,0.7857142857142857,-0.254927252306161,-0.29785801969471104,-0.5940076307556026,0.616966483381915,0.42015072032702444,-0.5832826429468421,-0.579978449666804,-0.3950138099153292,0.524114411441144,0.666201113415059,-0.524114411441144,0.29785801969471104,-0.16428971361021402,-0.11606865881172819,-0.5577777777777777,0.7267230348282178,0.8235521235521235,0.026153520195192615,-0.44777910199302423,0.2454372690741667,0.44983663386351785,0.6003575553142009,0.7173608650925279,0.4459743635102251,0.631995113901998,0.27747018914829014,0.5468716052531226,-0.40234017952965273,0.557688948794185,0.7037790347001586,0.5928940171448206,-0.1313462504847068,-0.3800851482391901,-0.4837014320901116,-0.5599999999999999
WT1,0.4421687022197721,0.5076698745990085,0.7,0.6,-0.40741263507268466,0.303834025318546,0.3699099099099099,0.5,0.4904996096799376,0.43259971468214414,-0.5190483898069402,0.5227341517317765,0.3321391247548813,-0.5087723798547925,-0.45773228019122847,-0.05410221028506025,0.6,0.5978797699152085,-0.6,-0.43259971468214414,-0.45527734044265317,0.44327944043114326,-0.5,0.6292580428030815,0.6,0.09118878296342689,-0.7694949494949495,-0.5238553986611839,0.43972411567959735,0.5150571209555597,0.6271830821402936,0.4120811883436007,0.5274534445885377,0.2651170625351645,0.43476680806528833,-0.3478832479601369,0.4423932663081599,0.5676372476960478,0.5094121073885682,-0.14458666289929495,0.35255044606261543,-0.6927272727272727,-0.4
Wee1,-0.03290590878280008,-0.0394652526954065,-0.01978021978021978,-0.014285714285714285,0.2991739497729251,-0.03142673676649762,-0.03521140229788593,0,-0.02503012110560124,-0.03880448229197139,0.12809016301529988,-0.4107261655557154,-0.31947945696550023,0.26600375046956404,0.25829064415264336,-0.01846539450742808,-0.01978021978021978,-0.1523847811276784,0.01978021978021978,0.03880448229197139,0.180286538829487,-0.058218106528019495,0.014285714285714285,-0.32830153134373874,-0.014285714285714285,0.3178617030182551,0.030601282859727935,0.03381355354153057,-0.08154072267094388,-0.2596263663457331,-0.17779973211310351,-0.016580490139162594,-0.2998169872557188,0.05724696263324823,-0.46312519215167863,0.14546927581862462,-0.36594327837299845,-0.3271451669760775,-0.2928648716465921,-0.010989308946384217,-0.02369674117870021,0.02648948495593863,0
UbcH10,0.4331630760926063,0.4054611573716338,0.34971988795518205,0.2833333333333333,0.4577471130981626,-0.07678625740077932,0.4335658136919397,0.2,0.4097438168948779,0.4587961043965695,0.3432399341294617,-0.4616263747991153,-0.24354142626659508,0.3798994447416115,0.16461592170635014,0.3386238642558548,0.3447811447811448,-0.07728755447593469,-0.3447811447811448,-0.4587961043965695,-0.3546894389869789,0.43803086920101303,-0.28181818181818186,-0.4451120146217389,0.2833333333333333,0.2209686113034209,-0.42589284101835057,-0.44857987158354684,0.15517458111107313,-0.17083680592855605,-0.07951103640313087,-0.24932680470006224,-0.23111430955217133,-0.30648107145826053,-0.449735504848013,0.35276725504514755,-0.44158255735612884,-0.43733258172882283,-0.369203106167744,0.13045540684659337,0.3995157304263096,-0.39148547623123897,-0.2
Twist,0.8993042513179461,0.8997129353670127,0.7,0.6,-0.3627571351642434,0.2816987613198709,0.6999676008423781,0.5,0.998941071427582,0.7998386814630327,-0.47853123550006327,0.47398149188865163,0.29654597738709887,-0.472507355344884,-0.39166666666666666,0.8924286388898596,0.7,0.5824600329976674,-0.7,-0.7998386814630327,-0.9998948458483387,0.8998627251263723,-0.6,0.5823029698245005,0.6,0.17893218630098592,-0.8999566489649939,-0.9997957343885959,0.5152276424531618,0.47572463768115936,0.5879387505529102,0.40891350854192715,0.4807798383262007,0.2703598484848485,0.3762048698572628,-0.3238168102415835,0.38134666163711806,0.49548387096774194,0.4704697025996724,-0.16297545496574622,0.8986436852028538,-0.8,-0.5
Stress_Fibers,-0.30609083891471045,-0.14501715334368087,0.8235521235521235,0.7857142857142857,-0.4726196222344428,0.3403445761425937,-0.23132474105461392,0.7,-0.23408459848742497,-0.2680381320477544,-0.5772299316355798,0.5950205898535983,0.3982818653690712,-0.5662162245687661,-0.5506797124492924,-0.38408999142755074,0.5577777777777777,0.6490984928522309,-0.5577777777777777,0.2680381320477544,-0.17816264197050496,-0.09240168975618943,-0.5599999999999999,0.7037790347001586,0.7857142857142857,0.03990818551936466,-0.4837014320901116,0.2152652455341033,0.4434290200758557,0.579978449666804,0.6953752426937387,0.43866811373780956,0.6064235963784257,0.2750263110236415,0.520192688270737,-0.3900404976801243,0.5302873970679984,0.6710034724751041,0.5733541743815274,-0.13508393281343792,-0.3592013865870296,-0.524114411441144,-0.5
SNAI2,0.9994233623397243,0.9997838989236241,0.7,0.6,-0.368140350877193,0.28997164262203334,0.7999783830523131,0.5,0.9991190149306559,0.8998803228065496,-0.48277369132122405,0.47843913032625246,0.3060410661542294,-0.47757112582131195,-0.3940476190476191,0.7933777256560026,0.7,0.5858679750223015,-0.7,-0.8998803228065496,-0.8999224748544735,0.8998982565505298,-0.6,0.5859132292954125,0.6,0.20340402862385046,-0.899971160778659,-0.9998471651928262,0.5261838405962929,0.48020146520146517,0.590509367859863,0.4186301580878634,0.48436263579866223,0.2841863864139249,0.38011451331839685,-0.3331448841591841,0.384707194645845,0.4967136150234742,0.47552919242897607,-0.17775043474572677,0.9988709749254646,-0.8,-0.5
SNAI1,0.8994456693628695,0.8997732858738109,0.7,0.6,-0.36375469849209485,0.28272141742978907,0.9999743573305981,0.5,0.8991559221876857,0.899872574516143,-0.4799709896095439,0.4751138652207591,0.29768464770829284,-0.47422084623323013,-0.3921875,0.8938467559484655,0.7,0.584851081913801,-0.7,-0.8998725741039528,-0.9999168556056383,0.8998916040084849,-0.6,0.5838012409724341,0.6,0.18626647642342709,-0.8999657328878609,-0.9998385885551008,0.5238206832375025,0.47752083333333334,0.5894670946470035,0.4124370705547176,0.48238372746391817,0.27279401040275764,0.376816706080404,-0.3254225773068284,0.3820585788713279,0.4958702064896755,0.47219245572386487,-0.16497619339929528,0.8989184617408992,-0.8,-0.5
pRB,0.42115038822811773,0.3194541459546755,0.309893769738731,0.24617283950617286,0.47360275715049466,-0.3028620794404112,0.37704838742547375,0.17333333333333334,0.48522095206532845,0.4090854185303205,0.5395552279627962,-0.5925094422283947,-0.30139714361767933,0.5424950874229737,0.6060592812324739,0.47280222582459475,0.30738816738816743,-0.564820247858663,-0.30738816738816743,-0.4090854185303205,0.02414626144395233,0.22725274190954287,-0.2447619047619048,-0.5922956910129031,0.24617283950617286,-0.11541014834893784,-0.40010112705193246,-0.43103076400453133,-0.29791929156423336,-0.6219074094324871,-0.6205163271059503,-0.33452347953497047,-0.6625514884200547,-0.3494863066484687,-0.43780842736625436,0.4844861860767984,-0.5428033496303889,-0.5737185087652074,-0.6474104544064179,0.1770422717751167,0.49636939190093654,-0.35867930662867376,-0.17333333333333334
Plk1,0.23223336802665825,0.22785122817520378,0.20616509926854754,0.16363636363636364,-0.06692774666976689,-0.06084641877520793,0.2585577517564403,0.1,0.21811227399682642,0.2696341643650087,0.16049364676107994,0.058046108723349546,0.2789171057578876,0.06486259705209776,0.03140009975449056,0.1782246775509786,0.20339539978094195,-0.011920411441685017,-0.20339539978094195,-0.2696341643650087,-0.22231471832969413,0.26513227247452437,-0.16363636363636364,0.08613194884496714,0.16363636363636364,-0.12823399537042354,-0.2439594846524272,-0.2537762779095537,0.13941235140868688,-0.03367487034370085,-0.012111986485796335,-0.12707205034119057,0.09443443723587532,-0.17444608356888197,0.12331383373935209,0.14619309867200014,0.1207136017433923,0.08927406541400414,0.04683670398076062,0.15134313824104406,0.2147207065246059,-0.22758894816803873,-0.1
pAPC,0.35195676178961394,0.33246463495854817,0.3168783422459893,0.26875,0.42484148532070015,-0.18173369066018769,0.3700132714142721,0.2,0.3361793683875173,0.38295817699355594,0.33531399686935887,-0.439020640194505,-0.09796321918114494,0.3749754918699063,0.21765136659814086,0.29269676065707506,0.3115530303030303,-0.09905999051135697,-0.3115530303030303,-0.38295817699355594,-0.25428632527634437,0.36006216585040174,-0.26666666666666666,-0.43776411454238984,0.26875,0.37906377837094624,-0.360241873238731,-0.37158218221053435,0.13531812584610275,-0.22302209245296992,-0.10333212877349447,-0.3917812454816403,-0.2797723659190786,-0.25148706770649093,-0.5079664822797059,0.3085700413908852,-0.5059086945592589,-0.43136026190955923,-0.38359839234667326,0.2153516021542646,0.33095521554406415,-0.3408581662546919,-0.2
p27Kip1,0.3769257112284755,0.28616628320204873,0.26594152046783626,0.21155555555555558,0.4454676155753311,-0.2962942889044248,0.32654303044209976,0.15555555555555556,0.49558169773680855,0.3632706929487991,0.7180152029605638,-0.563469458140333,-0.3379102117233542,0.6190816900200274,0.6817864451876061,0.522053888869588,0.26112752685146096,-0.5497597077586477,-0.26112752685146096,-0.3632706929487991,0.03480220145654929,0.18125292280044128,-0.2077294685990338,-0.6647906334900905,0.21155555555555558,-0.08643488375284733,-0.35565168609133707,-0.39158473000564986,-0.29488152130637946,-0.7035272481419447,-0.6021767768539524,-0.4121237841323052,-0.6413899255311794,-0.3329224405099176,-0.5025471670750805,0.45911536953532234,-0.5081247051908424,-0.6391827396390036,-0.624540176974924,0.17300750202360732,0.5217666712206422,-0.3113932016654886,-0.15555555555555556
p21,-0.6210095504228449,-0.68646067425026,-0.4482603297729348,-0.37275012569130217,0.4671535233190537,-0.2500501289972743,-0.571598085301517,-0.2897435897435897,-0.4586138442604586,-0.6222696359730676,0.5359126871656248,-0.48713027780389717,-0.16903406649332323,0.5381044273616689,0.4025235617536225,-0.16914889785545667,-0.4413047454884441,-0.3653332571366065,0.4413047454884441,0.6222696359730676,0.8457146877152475,-0.7369935573816333,0.36872410032715375,-0.4856094818607839,-0.37275012569130217,-0.06349644872997523,0.5640511550541173,0.6106550006987711,-0.08571707870892616,-0.41878415126562973,-0.6169147233007395,-0.3328716138436635,-0.4495786408593676,-0.3449968228996182,-0.4319569395079027,0.4873264556633501,-0.4368716371480804,-0.4666395330270382,-0.44032616024415916,0.17406805860647687,-0.411556903340045,0.506572321563995,0.2885714285714286
N_bcatenin_H,0.9998070753756236,0.8999609775132921,0.6,0.5,-0.28914728682170543,0.23745970341715023,0.8,0.4,0.9996990333875887,0.8999811676082862,-0.39541284403669724,0.3936619718309859,0.24411196911196908,-0.39360730593607307,-0.3,0.7969845271595686,0.6,0.4960238568588469,-0.6,-0.8999811676082862,-0.8999883920020894,0.8999839865487009,-0.5,0.4967963386727689,0.5,0.20257383966244724,-0.8,-0.8999739439142754,0.46549918447935446,0.3940298507462686,0.49763593380614657,0.3601315789473684,0.3953488372093023,0.2372081991361446,0.2946666666666667,-0.26604774535809017,0.29633027522935784,0.4,0.39222222222222225,-0.16126126126126125,0.999614177921665,-0.7,-0.4
N_bcatenin,0.8998447912500129,0.8999728150061166,0.6,0.5,-0.29161676646706586,0.2433918128654971,0.7,0.4,0.9997577063000234,0.7999869135640909,-0.39675324675324675,0.3953246753246753,0.2506493506493507,-0.39539473684210524,-0.3,0.7972912238282628,0.6,0.49722222222222223,-0.6,-0.7999869135640909,-0.7999919302775984,0.7999888579387187,-0.5,0.497682119205298,0.5,0.2211400189214759,-0.8,-0.8999818766707444,0.4708494793948176,0.3957627118644068,0.49836065573770494,0.3662128946870864,0.3967320261437909,0.24557861493345365,0.2959595959595959,-0.27069597069597073,0.29716312056737587,0.4,0.3943887775551102,-0.17275551413482448,0.8996895720679869,-0.7,-0.4
Myc,-0.3651447529359656,-0.25020059239692544,-0.24714770274437253,-0.1826086956521739,-0.4715779427417049,0.3337754841771513,-0.3221800871053374,-0.1,-0.40944541752656577,-0.35335144720120315,-0.5645339348541791,0.5949397077399432,0.4007080831694447,-0.5566769771173417,-0.5535804785042397,-0.395839774005052,-0.2461123452872104,0.5299697756110484,0.2461123452872104,0.35335144720120315,-0.10953111726112456,-0.1660114036946628,0.1826086956521739,0.6035442294971862,-0.1826086956521739,-0.00571505042811705,0.3396027359874077,0.3703703319615819,0.4031728019635759,0.5709765691248746,0.6820872674929496,0.42301811020586244,0.6050853306711201,0.25141163941080413,0.5283149783418135,-0.37735089603776933,0.5382331850082046,0.583679580621066,0.567728669356961,-0.1156177725705079,-0.416065421030532,0.299037877202104,0.1
Mst1_2,0.2856440001146791,0.10948996395870778,-0.8902439024390244,-0.8,0.4533520779931237,-0.33350491225920065,0.1914860681114551,-0.7,0.20038340306081576,0.23449398367873742,0.5633327220766421,-0.5726688909732307,-0.37808426693940317,0.5517974800733629,0.5183528356229525,0.378555552069011,-0.5714285714285714,-0.6373151794850815,0.5714285714285714,-0.23449398367873742,0.20673851761154932,0.061968541588020634,0.6,-0.680118814337533,-0.8,-0.07850183742130427,0.5525842578474157,-0.1766949824256438,-0.45201022407692043,-0.5616504424354617,-0.6755491411514594,-0.43797323585309017,-0.5805425952412715,-0.2842688822264893,-0.4904165719334844,0.3833787482719878,-0.4992243065577645,-0.6326017099455664,-0.5554635448818988,0.14953300438599307,0.33626294708776083,0.5805194805194805,0.5
miR_34,-0.8998011647485475,-0.7999584048250403,-0.6,-0.5,0.2886178861788618,-0.23619402985074628,-1,-0.4,-0.8996890719815006,-0.8999800029995499,0.3951219512195122,-0.3932835820895523,-0.24268817204301074,0.39323671497584545,0.3,-0.896950107654742,-0.6,-0.4957716701902749,0.6,0.8999800039992001,0.8999876482213439,-0.7999829743764366,0.5,-0.49661426844014506,-0.5,-0.1990374938242237,0.8,0.899972274208082,-0.46485671191553546,-0.39367088607594936,-0.49748427672955975,-0.35916381329969366,-0.39504950495049507,-0.23547297297297298,-0.2943661971830986,0.2650734533416098,-0.2961904761904762,-0.4,-0.391740412979351,0.15909720299086125,-0.8996017058478765,0.7,0.4
miR_200,-0.9998942126848037,-0.9999809745772789,-0.6,-0.5,0.2917647058823529,-0.24344880091358964,-0.8,-0.4,-0.8998348268337597,-0.8999908231623384,0.3970326409495549,-0.3955719557195572,-0.25151335311572703,0.39580838323353296,0.3,-0.9981181295211737,-0.6,-0.4978118161925602,0.6,0.8999908231623384,0.999994337726314,-0.9999921963400835,0.5,-0.4980295566502463,-0.5,-0.2285481488748277,0.8,0.8999872961427913,-0.47692535781490564,-0.3962121212121212,-0.4986728599867286,-0.36923265156304164,-0.39714285714285713,-0.24694083694083693,-0.29597989949748743,0.2715308398609742,-0.2973421926910299,-0.4,-0.3948529411764706,0.1742341180264431,-0.8997882514953917,0.7,0.4
LEF1,0.9997800035525379,0.8999540546749369,0.6,0.5,-0.2884297520661157,0.23590225563909772,0.8,0.4,0.9996566669774574,0.8999778381073744,-0.3949367088607595,0.39311663479923514,0.24218579234972676,-0.3929824561403509,-0.3,0.7966628014335776,0.6,0.4954648526077097,-0.6,-0.8999778381073744,-0.899986333663603,0.899981152523206,-0.5,0.49644218551461244,0.5,0.19624234624234624,-0.8,-0.899969326329512,0.4626766091051805,0.3933993399339934,0.4973154362416107,0.35801337153772683,0.39481865284974094,0.23467510063254746,0.2942857142857143,-0.26461375661375663,0.296078431372549,0.4,0.39146341463414636,-0.15817671809256661,0.8995599324801111,-0.7,-0.4
Lats1_2,0.3137199276384065,0.14167181823704805,-0.9412242945958871,-0.8902439024390244,0.4834479841836677,-0.35043124840004947,0.23449398367873742,-0.8,0.23088849599371505,0.2721849428572999,0.5906883571251896,-0.6060416193622288,-0.4091488959458761,0.5789556553929243,0.5616504424354617,0.396670283764477,-0.5805194805194805,-0.663712879722988,0.5805194805194805,-0.2721849428572999,0.1944395049176142,0.089312122449679,0.5714285714285714,-0.714890348628902,-0.8902439024390244,-0.05912205457744034,0.5132897541558653,-0.21565368978650556,-0.46086470300024224,-0.5929040286402756,-0.708993663090993,-0.45122479042767794,-0.6180607069496146,-0.2900796066036803,-0.5296744279620113,0.40341203906708295,-0.5397841223759369,-0.680118814337533,-0.5854964539789134,0.14603434088732956,0.36782572145123754,0.5525842578474157,0.6
FoxM1,-0.16307955001946756,-0.1560720786445146,-0.16519953051643194,-0.1375,-0.3647890859164237,0.25355570857738147,-0.19391725575975333,-0.1,-0.1565328039799622,-0.1978822183581022,-0.18458294089827693,0.4819847005555805,0.3753091833109081,-0.32049144803533974,-0.23966044027917724,-0.12760960760341297,-0.1623780487804878,0.08072635472782455,0.1623780487804878,0.1978822183581022,0.06991197690027653,-0.18071726965666016,0.1375,0.3908913952051577,-0.1375,-0.3695168033847297,0.1816771216636141,0.18505048357961776,-0.060145314750500424,0.2427293859601662,0.09328925168549612,0.3016970271494695,0.40410390859007483,0.08928255290052314,0.4401849912371712,-0.2340126578589202,0.442158020031785,0.48745182602670134,0.44812696359952825,-0.038587378826839394,-0.15477024392703317,0.17439690188339432,0.1
FocalAdhesions,-0.3137199276384065,-0.14167181823704805,0.9412242945958871,0.8902439024390244,-0.4834479841836677,0.35043124840004947,-0.23449398367873742,0.9,-0.23088849599371505,-0.2721849428572999,-0.5906883571251896,0.6060416193622288,0.4091488959458761,-0.5789556553929243,-0.5616504424354617,-0.396670283764477,0.5805194805194805,0.663712879722988,-0.5805194805194805,0.2721849428572999,-0.1944395049176142,-0.089312122449679,-0.5714285714285714,0.714890348628902,0.8902439024390244,0.05912205457744034,-0.5132897541558653,0.21565368978650556,0.46086470300024224,0.5929040286402756,0.708993663090993,0.45122479042767794,0.6180607069496146,0.2900796066036803,0.5296744279620113,-0.40341203906708295,0.5397841223759369,0.680118814337533,0.5854964539789134,-0.14603434088732956,-0.36782572145123754,-0.5525842578474157,-0.5
Emi1,-0.37691575841829905,-0.357380660687403,-0.33131313131313134,-0.2777777777777778,-0.4179473142535528,0.21120641962383746,-0.39371467486927003,-0.2,-0.35509496431924253,-0.4097272091426739,-0.32499212247651216,0.43225513570986784,0.15606319794424614,-0.3581915646090853,-0.17344331731389043,-0.297910304802787,-0.3258181818181818,0.07651138408411329,0.3258181818181818,0.4097272091426739,0.30644572589104746,-0.39167877630117276,0.27599999999999997,0.42359462652502966,-0.2777777777777778,-0.2551582209122962,0.38355280470670305,0.3975031144702103,-0.14553305594973237,0.17829655194687186,0.07918864484597023,0.28052147345151474,0.24000338712218597,0.2619959649736544,0.39921018704699024,-0.4209121833569691,0.3976022500714649,0.4177819652851894,0.3626749874546149,-0.13723086107895874,-0.3472961551022389,0.36039118457300273,0.2
Ecadherin_mRNA_H,-0.4739682932218171,-0.5502606498688809,-0.7957894736842105,-0.7,0.4481775097914807,-0.32759195180995765,-0.43259971468214414,-0.6,-0.5106535634937934,-0.48286370623441444,0.5587471049154914,-0.5677747431418178,-0.3710317740035614,0.5470535609918573,0.5150571209555597,0.06356885669138149,-0.6927272727272727,-0.6349028757722746,0.6927272727272727,0.48286370623441444,0.5149512194015744,-0.4990149330087411,0.6,-0.6758258543731628,-0.7,-0.0683869713126382,0.7323675782212368,0.5709669881839682,-0.4514634990420173,-0.5577036871197139,-0.6731549491479663,-0.43268655815109813,-0.5768754099064568,-0.27567523976000835,-0.48588742975692023,0.3762841399973926,-0.49503799767009243,-0.6292580428030815,-0.5506173032084726,0.14202833055297254,-0.3644175346702104,0.7694949494949495,0.5
Ecadherin_mRNA,-0.4421687022197721,-0.5076698745990085,-0.7,-0.6,0.40741263507268466,-0.303834025318546,-0.3699099099099099,-0.5,-0.4904996096799376,-0.43259971468214414,0.5190483898069402,-0.5227341517317765,-0.3321391247548813,0.5087723798547925,0.45773228019122847,0.05410221028506025,-0.6,-0.5978797699152085,0.6,0.43259971468214414,0.45527734044265317,-0.44327944043114326,0.5,-0.6292580428030815,-0.6,-0.09118878296342689,0.7694949494949495,0.5238553986611839,-0.43972411567959735,-0.5150571209555597,-0.6271830821402936,-0.4120811883436007,-0.5274534445885377,-0.2651170625351645,-0.43476680806528833,0.3478832479601369,-0.4423932663081599,-0.5676372476960478,-0.5094121073885682,0.14458666289929495,-0.35255044606261543,0.6927272727272727,0.4
E2F1,-0.42115038822811773,-0.3194541459546755,-0.309893769738731,-0.24617283950617286,-0.47360275715049466,0.3028620794404112,-0.37704838742547375,-0.17333333333333334,-0.48522095206532845,-0.4090854185303205,-0.5395552279627962,0.5925094422283947,0.30139714361767933,-0.5424950874229737,-0.6060592812324739,-0.47280222582459475,-0.30738816738816743,0.564820247858663,0.30738816738816743,0.4090854185303205,-0.02414626144395233,-0.22725274190954287,0.2447619047619048,0.5922956910129031,-0.24617283950617286,0.11541014834893784,0.40010112705193246,0.43103076400453133,0.29791929156423336,0.6219074094324871,0.6205163271059503,0.33452347953497047,0.6625514884200547,0.3494863066484687,0.43780842736625436,-0.4844861860767984,0.5428033496303889,0.5737185087652074,0.6474104544064179,-0.1770422717751167,-0.49636939190093654,0.35867930662867376,0.17333333333333334
CyclinE,-0.32289936662824437,-0.28199562553040936,-0.2774062585034014,-0.23564625850340137,-0.44291712275832706,0.31292841510061836,-0.31743808983796107,-0.19142857142857145,-0.45702975209045277,-0.34452609617125046,-0.6149606703175644,0.56342544310894,0.38787982336281124,-0.5160751679354794,-0.6007142857880362,-0.3838625302179694,-0.2687126893125641,0.45995125186073677,0.2687126893125641,0.34452609617125046,0.034414539265361394,-0.18956587455619525,0.2274282856428393,0.6684890597074454,-0.23564625850340137,-0.07163689555873251,0.33973932825483655,0.36506228428826154,0.20745544759290818,0.514178035869129,0.515048209007731,0.3941084459876954,0.5581794965850266,0.3125109009158371,0.5055215434477895,-0.44531436728379276,0.5124942863529054,0.6528969141526837,0.6274636449227431,-0.06098000994899298,-0.4879479467382276,0.3070023326301404,0.18479262672811061
CyclinD1,-0.39893162505362023,-0.27749839742855903,-0.23872416891284817,-0.17142857142857143,-0.4902460819098672,0.32046962656435735,-0.32248970661472637,-0.1,-0.48365168320780877,-0.3662689071684554,-0.7688088828263115,0.6072315520253524,0.2915616202100886,-0.7672342372241332,-0.6206514292708382,-0.49838262737917177,-0.2369914853358562,0.5991033764021874,0.2369914853358562,0.3662689071684554,-0.08562029973377525,-0.1714051714962354,0.17142857142857143,0.6072357761681444,-0.17142857142857143,0.18223772960160528,0.3506392654337801,0.39448701951675164,0.3505055105562108,0.6485494647688104,0.7504520446601357,0.36721706200212323,0.6803732314463472,0.39295755839402907,0.4416889535709723,-0.5127459391415464,0.547572773294223,0.5744170411975206,0.6692783014734374,-0.21647904811116803,-0.5006584769157894,0.297682056384993,0.1
CyclinB,0.008181572896325573,0.019233883919718787,0.001941747572815534,0,-0.3464289197500368,0.21615604918496384,0.008802411887631869,0,-7.845904680566689e-6,0.010192635114532122,-0.17144228086589605,0.3663131396019486,0.3540367675096619,-0.31121278743784436,-0.2906193596286269,-0.002415298523779415,0.00202020202020202,0.17564483497681557,-0.00202020202020202,-0.010192635114532122,-0.17955879572197364,0.038069882212905304,0,0.37765625363362143,0,-0.36154610248258573,-0.005261258303068358,-0.006399043022324589,0.0831820811591866,0.2922792264156278,0.20475997888431124,0.19006302153004911,0.33681566505277893,-0.04616994027664627,0.42766189316520775,-0.22314499833534174,0.428493118224955,0.3760791785068543,0.3445359900198005,-0.029229035892595595,-0.0014109485127399752,-0.003743852769001116,0
CyclinA_mRNA,-0.41181461780167544,-0.3852701239054978,-0.3415924426450742,-0.2794871794871795,-0.4353269273265177,0.28898469307353475,-0.4167894853533419,-0.2,-0.3858013231314802,-0.43952732177286363,-0.3165308920334008,0.4386981895293493,0.24123425372746987,-0.3600281595088083,-0.15841671636649332,-0.3119825996409951,-0.33528239202657806,0.08064608242368193,0.33528239202657806,0.43952732177286363,0.34005567144233073,-0.41947959958999903,0.27714285714285714,0.42449476913748674,-0.2794871794871795,-0.2135194786008045,0.4090976259051498,0.42913090376310076,-0.12074689819310258,0.16383782781625458,0.08105193375809304,0.22723690728799067,0.226422990790413,0.2723121209692997,0.4297695039365398,-0.3316173852670268,0.4207553167021384,0.41786738396205914,0.34746018359477704,-0.0895409363485832,-0.3747843154229919,0.3778355835159398,0.2
CyclinA,-0.4206995886837612,-0.3976728643018766,-0.38784511930460314,-0.3415924426450742,-0.43838880158449073,0.2903466488175357,-0.43952732177286363,-0.2794871794871795,-0.3931993221935405,-0.4555455734539395,-0.31863160276392105,0.4423452314042436,0.24613538562234108,-0.36234234917518304,-0.16383782781625458,-0.3139514839652372,-0.3778355835159398,0.08368711262025016,0.3778355835159398,0.4555455734539395,0.3531604236766424,-0.4350374310260358,0.33528239202657806,0.4284333254330547,-0.3415924426450742,-0.2160619499247828,0.43129672574544403,0.44443897315576814,-0.11886186920600858,0.16726180097056387,0.08507104867117513,0.22725400131594736,0.23145550957553646,0.17195580820234993,0.4347656612424619,-0.33312810552620054,0.42586474983622635,0.42449476913748674,0.35059177106176487,-0.08784727238115206,-0.3811000976884013,0.4090976259051498,0.27714285714285714
Cdk1,-0.03819581059688738,-0.023696082431209783,-0.0388768115942029,-0.03304347826086956,-0.3519839213342135,0.06779672172544847,-0.04140851217546432,-0.02,-0.04497287376491012,-0.04222333648469472,-0.19447775754940383,0.3693641058929692,0.34154503226971245,-0.3178240616699501,-0.2943848121357745,-0.04055214840936548,-0.03826086956521739,0.17699459609364604,0.03826086956521739,0.04222333648469472,-0.14003184778044256,-0.0072677108703625305,0.03304347826086956,0.38318643464513263,-0.03304347826086956,-0.35147631822432457,0.04306144286526046,0.043887867220644416,0.05968551436124723,0.29627578320787873,0.2092554511511971,0.07281791650139402,0.34096561869145015,-0.006525409968938377,0.41852588019838866,-0.21434106822840934,0.4220833830657599,0.3813030971385929,0.3484196417754211,-0.007837286857266732,-0.04585602632920772,0.04144885051061863,0.02
Cdh1,0.1915942609551554,0.1897864735705381,0.21268457569827431,0.1935064935064935,0.2404428960390776,-0.28645929437663215,0.23403681378599592,0.16363636363636364,0.1759292651020184,0.236920578053408,0.1806768895190594,-0.36993934274247187,-0.278122857669048,0.18621997169689083,0.11407613420046767,0.13074592352232867,0.20568317837236574,-0.05114162682158221,-0.20568317837236574,-0.236920578053408,-0.17863799227270605,0.22978921482024303,-0.18966376089663758,-0.26521895343919244,0.1935064935064935,0.2431013397237721,-0.21878645863579022,-0.22054489944534192,0.07652324741850221,-0.11525859545222299,-0.05515995124485116,-0.14968648026080184,-0.18023597790737375,-0.09593039660264117,-0.31478017036593187,0.1588902613539787,-0.3134456116547368,-0.2640841300964364,-0.33327239682587717,-0.0771626527157126,0.17191798735354938,-0.21376093215206335,-0.16363636363636364
Cdc25C,-0.03782266533969833,-0.023207654204601805,-0.03304347826086956,-0.02,-0.35065269063379495,0.06719981475670392,-0.04000976901714281,0,-0.04438583301859905,-0.04140851217546432,-0.19327973285804578,0.3676773870746451,0.33919534907316873,-0.31673262805567937,-0.29124826405042814,-0.04019889482201439,-0.03304347826086956,0.17509866978647637,0.03304347826086956,0.04140851217546432,-0.13934732397091873,-0.0070814368369627855,0.02,0.3813030971385929,-0.02,-0.3504979313559934,0.04144885051061863,0.04293680578912084,0.058550380560452364,0.2943848121357745,0.2066434411683445,0.07299825276158223,0.33826578354010506,-0.006388357661669668,0.5163530006435914,-0.21366870129873825,0.4197851150995091,0.3779632770155192,0.34689842632522777,-0.008757987542685416,-0.04525109513654717,0.03826086956521739,0
Cdc25B,-0.15490539559601577,-0.14527917089972547,-0.13333333333333333,-0.1,-0.35827881258082034,0.2324321470223334,-0.17537941433991636,0,-0.1517288773476091,-0.1813601623279233,-0.18533215446879261,0.4749323529040638,0.3587097057784149,-0.3176247904417851,-0.2445742804179621,-0.1311376686740691,-0.13333333333333333,0.0949550055863756,0.13333333333333333,0.1813601623279233,0.01831392145459088,-0.16043950387115874,0.1,0.4847767053522495,-0.1,-0.3620005074163854,0.16544464614896465,0.1712491725499439,-0.05744359049954012,0.2497512861336158,0.11123766782336071,0.2937348295133397,0.4080225119521419,0.09097444500089144,0.5291142192026255,-0.22696520365815975,0.5312965438322418,0.4788548975767535,0.4452235890794264,-0.03173930611172011,-0.1508473925538743,0.15523114355231143,0
Cdc25A,-0.32869770542823845,-0.3152284299723943,-0.3088194220646686,-0.2655172413793103,-0.37008984904829056,0.2721213162825663,-0.3551358063235791,-0.2,-0.3057613506668097,-0.3657225324055452,-0.28441218300469073,0.4862968705492097,0.37930165843216745,-0.3149775648961706,-0.1525915924614782,-0.2524786227396591,-0.30209339774557165,0.06543504306737093,0.30209339774557165,0.3657225324055452,0.2775725188656367,-0.35260740540588464,0.26296296296296295,0.48360132089065566,-0.2655172413793103,-0.3344263506573676,0.3433336781983252,0.35206503662082855,-0.12843821111124556,0.15573081451743992,0.06806041529800691,0.2105961952289493,0.3400260062264063,0.2137935115165368,0.34755505763655425,-0.36044903447086457,0.4482021684779428,0.4800451670121159,0.32698996892978155,0.03311848095448243,-0.29869329152803753,0.32732360032384056,0.2
Cdc20,0.2282490637361258,0.21340965538885523,0.2015841584158416,0.16,0.41632589084257443,-0.034403505369267645,0.24980841524728864,0.1,0.2207308123220204,0.25982401046475523,0.24435305665986723,-0.4344931747778329,-0.13261401590447366,0.37424102177678725,0.27272874510580386,0.18781262672679774,0.19917525773195877,-0.09793574816794876,-0.19917525773195877,-0.25982401046475523,-0.1026395824872389,0.23573822404416464,-0.16,-0.4384595172029083,0.16,0.40051487573065037,-0.23888326236320578,-0.24805566157521963,0.08640426490678976,-0.27796850580529764,-0.11136564000292186,-0.3739083094452315,-0.33277819927366653,-0.14694274577260766,-0.4957671807944416,0.30049981664617864,-0.49590364374899165,-0.43225612877095,-0.39694377513900536,0.11023118492229522,0.21841023512321547,-0.22344376031371435,-0.1
b_catenin_TCF4,0.8998242233037758,0.8999633296662999,0.6,0.5,-0.2886178861788618,0.23619402985074628,0.8,0.4,0.799725795563857,0.8999822726466938,-0.3952153110047847,0.39338235294117646,0.24268817204301074,-0.3933649289099526,-0.3,0.7973065840197767,0.6,0.49606299212598426,-0.6,-0.8999822726466938,-0.8999890686488851,0.899984940893005,-0.5,0.49675174013921114,0.5,0.2006069857232648,-0.8,-0.899975481181807,0.46684170524424784,0.39382716049382716,0.49763593380614657,0.3597743698219637,0.3952380952380953,0.23547297297297298,0.2943661971830986,-0.2650734533416098,0.2961904761904762,0.4,0.3919308357348703,-0.15909720299086125,0.7996483271160255,-0.7,-0.4
ApicalBasal_Pol,-0.49743327042591445,-0.582668813134187,-0.8792427110942824,-0.7957894736842105,0.47762993892632755,-0.3441399986941331,-0.48286370623441444,-0.7,-0.5250613489198556,-0.521925409447061,0.5856382384732916,-0.6004361041487245,-0.4015267982444392,0.5737140074636246,0.5577036871197139,0.06935001416948788,-0.7694949494949495,-0.6613392681416165,0.7694949494949495,0.521925409447061,0.5623738217783816,-0.5429475295729167,0.6927272727272727,-0.7099908198254241,-0.7957894736842105,-0.04946747558861801,0.7816817071649953,0.6072539806134245,-0.46053254828881707,-0.5885515192102966,-0.706513611761948,-0.4455784091053544,-0.6137939679838935,-0.2814271493570048,-0.5242710111502968,0.3959537373825498,-0.5348097376590348,-0.6758258543731628,-0.5800566988908223,0.13865114351920066,-0.372403063656357,0.7323675782212368,0.6
AMOT,0.30609083891471045,0.14501715334368087,-0.8235521235521235,-0.7857142857142857,0.4726196222344428,-0.3403445761425937,0.23132474105461392,-0.7,0.23408459848742497,0.2680381320477544,0.5772299316355798,-0.5950205898535983,-0.3982818653690712,0.5662162245687661,0.5506797124492924,0.38408999142755074,-0.5577777777777777,-0.6490984928522309,0.5577777777777777,-0.2680381320477544,0.17816264197050496,0.09240168975618943,0.5599999999999999,-0.7037790347001586,-0.7857142857142857,-0.03990818551936466,0.4837014320901116,-0.2152652455341033,-0.4434290200758557,-0.579978449666804,-0.6953752426937387,-0.43866811373780956,-0.6064235963784257,-0.2750263110236415,-0.520192688270737,0.3900404976801243,-0.5302873970679984,-0.6710034724751041,-0.5733541743815274,0.13508393281343792,0.3592013865870296,0.524114411441144,0.5
