Source,ZEB1_H,ZEB1,Twist,TGFb_secr,SNAI2,SNAI1,SMAC,Rac1,pRB,PAK1,p27Kip1,p21,N_bcatenin_H,Myc,miR_34,miR_200,Merlin,MCL_1,LEF1,IQGAP1_LeadingE,IAPs,Horizontal_Pol,Fast_Migration,Ecadherin_mRNA,E2F1,DR4_5,Cyto_C,CyclinE,CyclinD1,Casp9,Casp8,Casp3,Casp2,BIM,BIK,BID,BCLXL,BCL2,BAX,BAK,BAD,b_catenin_TCF4
ZEB1_H,0.9,0.9,0.9,0.9,0.9,1,0,0.9,0,0.8,0,0,0.9,0,-1,-1,-0.7,0,1,0.8,0,0.7,0.7,-1,0,0,0,0,0,0,0,0,0,0,0,0,0,0,0,0,0,0.9
ZEB1,1,0.9,0.9,0.9,0.9,1,0,0.9,0,0.8,0,0,0.9,0,-1,-1,-0.7,0,1,0.8,0,0.7,0.7,-1,0,0,0,0,0,0,0,0,0,0,0,0,0,0,0,0,0,0.9
Twist,0.9,0.9,0.7,0.9,1,0.8,0,0.9,0,0.8,0,0,0.9,0,-0.8,-1,-0.7,0,0.9,0.8,0,0.7,0.7,-1,0,0,0,0,0,0,0,0,0,0,0,0,0,0,0,0,0,0.9
TGFb_secr,0,0,0,0,0,0,0,0,0,0,0,0,0,0,0,0,0,0,0,0,0,0,0,0,0,0,0,0,0,0,0,0,0,0,0,0,0,0,0,0,0,0
SNAI2,1,1,0.8,0.9,1,0.9,0,0.8,0,0.7,0,0,0.8,0,-0.9,-0.9,-0.6,0,0.9,0.7,0,0.6,0.6,-1,0,0,0,0,0,0,0,0,0,0,0,0,0,0,0,0,0,1
SNAI1,0.9,0.9,1,0.9,0.9,0.9,0,0.9,0,0.8,0,0,0.9,0,-0.9,-1,-0.7,0,0.9,0.8,0,0.7,0.7,-1,0,0,0,0,0,0,0,0,0,0,0,0,0,0,0,0,0,0.9
SMAC,-0.09352426603153283,-0.13966957907000216,-0.6038262471976454,-0.07798533560072284,-0.29939593589652624,-0.22669583395205012,0.5908055048504487,-0.4885838399752882,-0.46545079237612824,-0.45238045014477973,-0.4533291932374278,-0.4308442638217464,0.009536140522271249,0.4297887628031386,0.10994611419534062,0.08043171099411357,0.41513555218559606,-0.6910558610749618,-0.08192116413872749,-0.467207277464475,-0.5964188104637543,-0.4291458117434348,-0.43370242866440584,0.36506936997352085,0.43797593574684823,0,0.5908055048504487,0.044035534846752565,0.43322289427101524,0.8978468628146048,0.8,0.8996399639963997,0.8,0.6770250389215638,0.6770250389215638,0.679386878635017,-0.7799819991844273,-0.7817386138506829,0.6824021435059109,0.6824021435059109,0.8,-0.12352093765894556
Rac1,0.7,0.7,0.8,0.7,0.7,0.8,0,0.8,0,0.8,0,0,0.7,0,-0.7,-0.8,-0.7,0,0.7,0.9,0,0.8,0.8,-0.8,0,0,0,0,0,0,0,0,0,0,0,0,0,0,0,0,0,0.7
pRB,0.33525599082170865,0.22518250859000694,0.30861032572435654,0.12147181139397292,0.5029184986633631,0.30696406765170126,-0.7,-0.02844142561927009,0.8948929018616927,-0.05295851328643205,0.8940976252386227,0.8864251939443937,0.6363695910755396,-0.998676996532341,-0.3140703748369975,0.1360846642603476,0.07559130774370688,0.8998156257202121,0.10692756970019131,-0.05943568407640264,0.6,-0.08137362637362637,-0.1000857932559425,-0.3538095823976914,-0.9989315861613832,0,-0.7,-0.9737094782280392,-0.9987790878255988,-0.6,-0.4,-0.5,-0.4,-0.8,-0.8,-0.8,0.8,0.8,-0.8,-0.8,-0.4,0.5474864853698237
PAK1,0.8,0.8,0.9,0.8,0.8,0.9,0,0.9,0,0.8,0,0,0.8,0,-0.8,-0.9,-0.8,0,0.8,0.8,0,0.7,0.8,-0.9,0,0,0,0,0,0,0,0,0,0,0,0,0,0,0,0,0,0.8
p27Kip1,0.3124185202664411,0.21932172563171232,0.2746567275158126,0.13178583711923675,0.4560873327719547,0.29176865056274803,-0.6,-0.016869525820625543,0.9985103152774031,-0.039739480977576215,0.8981669447411793,0.8955184921439088,0.5795505656736653,-0.8998139534883721,-0.29843629859266413,0.08569854944944393,0.06022927689594356,0.8,0.11646399844940902,-0.04682072829131652,0.5,-0.06682072829131652,-0.08440196078431372,-0.3300255325603921,-0.8998604083057058,0,-0.6,-0.9887166805252974,-0.899834522701417,-0.5,-0.3,-0.4,-0.3,-0.7,-0.7,-0.7,0.7,0.7,-0.7,-0.7,-0.3,0.5018321357823907
p21,-0.8311946793309188,-0.8465367203745473,-0.6664713277819231,-0.8542144107097845,-0.7124187658884359,-0.7569270811871684,-0.5,-0.871882984862904,0.8997671033478893,-0.7821435859706858,0.8996901626646011,0.6992195121951219,-0.6567066342913214,-0.8,0.7553672359842255,0.9637888161667453,0.690485065279907,0.7,-0.859743124392824,-0.7832841437312873,0.4,-0.6912287720791658,-0.6919655667144907,0.7523919942733568,-0.8,0,-0.5,-0.7963473679107862,-1,-0.4,-0.2,-0.3,-0.2,-0.6,-0.6,-0.6,0.6,0.6,-0.6,-0.6,-0.2,-0.6969801358531327
N_bcatenin_H,1,0.9,0.8,0.9,1,0.9,0,0.8,0,0.7,0,0,0.8,0,-0.9,-0.9,-0.6,0,0.9,0.7,0,0.6,0.6,-0.9,0,0,0,0,0,0,0,0,0,0,0,0,0,0,0,0,0,1
Myc,-0.3372077416235832,-0.1969295984346188,-0.31796943521594684,-0.08699007622395928,-0.4872853312666428,-0.2971558908567487,0.7,0.060502896799113526,-0.8927966555183946,0.08662007654092088,-0.8917566176733395,-0.7815317697811175,-0.598259795203477,0.8979742094841274,0.3029050881548427,-0.196355512210258,-0.11063063063063064,-0.8997052321296979,-0.07661028709711001,0.09218944183282,-0.6,0.1150537634408602,0.12866896278460177,0.3468752117129157,0.9983528846136244,0,0.7,0.8651870293006697,0.9981246393054096,0.6,0.4,0.5,0.4,0.8,0.8,0.8,-0.8,-0.8,0.8,0.8,0.4,-0.5246263876482721
miR_34,-0.9,-0.8,-1,-0.8,-0.9,-0.9,0,-0.9,0,-0.8,0,0,-0.9,0,0.9,0.9,0.7,0,-0.8,-0.8,0,-0.7,-0.8,0.9,0,0,0,0,0,0,0,0,0,0,0,0,0,0,0,0,0,-0.9
miR_200,-1,-1,-0.8,-1,-0.9,-0.9,0,-1,0,-0.9,0,0,-1,0,0.9,1,0.8,0,-1,-0.9,0,-0.8,-0.8,0.9,0,0,0,0,0,0,0,0,0,0,0,0,0,0,0,0,0,-0.9
Merlin,-0.6,-0.6,-0.7,-0.6,-0.6,-0.7,0,-0.8,0,-0.7,0,0,-0.6,0,0.6,0.7,0.6,0,-0.6,-0.8,0,-0.7,-0.7,0.7,0,0,0,0,0,0,0,0,0,0,0,0,0,0,0,0,0,-0.6
MCL_1,0.04191065118626956,0.10901067800124405,0.5708411505974855,0.03068091844813935,0.31103168821538846,0.21966461105701612,-0.8998093422306959,0.5005984856280593,0.4037858347769648,0.44220922388309286,0.3966446453695584,0.38031241294562274,-0.14407328415687343,-0.3620347952079833,-0.0709966960352423,-0.04024409540567879,-0.3718238283455675,0.5781793297054862,0.03744029055672189,0.4459761622780317,0.8,0.37370259481037926,0.376388655814734,-0.376858357037128,-0.3679238186820925,0,-0.8998093422306959,0.15328417096765878,-0.364790935539557,-0.8,-0.6,-0.7,-0.6,-0.9982493972173752,-0.9982493972173752,-0.998527749134387,0.9984069837339822,0.9987600479009979,-0.9989545154068196,-0.9989545154068196,-0.6,0.0593068785973774
LEF1,1,0.9,0.8,0.8,1,0.9,0,0.8,0,0.7,0,0,0.8,0,-0.9,-0.9,-0.6,0,0.9,0.7,0,0.6,0.6,-0.9,0,0,0,0,0,0,0,0,0,0,0,0,0,0,0,0,0,0.9
IQGAP1_LeadingE,0.5,0.5,0.6,0.5,0.5,0.6,0,0.8,0,0.7,0,0,0.5,0,-0.5,-0.6,-0.6,0,0.5,0.9,0,0.9,0.8,-0.6,0,0,0,0,0,0,0,0,0,0,0,0,0,0,0,0,0,0.5
IAPs,0.11248847837881362,0.15944589719533503,0.6461745645643857,0.09509455403759659,0.3249414863143084,0.24769695978559997,-0.6824021435059109,0.5226429379535154,0.5188813779837222,0.4885838399752882,0.5067443819595743,0.4845866556625097,0.010183908880775272,-0.48316095264493714,-0.13002669289692473,-0.09492524812489453,-0.45238045014477973,0.7674343616837633,0.09923623675517719,0.5037372459187337,0.5908055048504487,0.467207277464475,0.4717502374293461,-0.3897280730451932,-0.4912950846830184,0,-0.6824021435059109,-0.07079102074016949,-0.48658929228713427,-0.9943240445600011,-0.8996399639963997,-0.9983074031621006,-0.8996399639963997,-0.7658482903393332,-0.7658482903393332,-0.7697140769990252,0.8715162706324527,0.8726958122942626,-0.7721293083932181,-0.7721293083932181,-0.8997222222222222,0.14627269895194184
Horizontal_Pol,0.6,0.6,0.7,0.6,0.6,0.7,0,0.9,0,0.8,0,0,0.6,0,-0.6,-0.7,-0.7,0,0.6,1,0,0.9,0.9,-0.7,0,0,0,0,0,0,0,0,0,0,0,0,0,0,0,0,0,0.6
Fast_Migration,0,0,0,0,0,0,0,0,0,0,0,0,0,0,0,0,0,0,0,0,0,0,0,0,0,0,0,0,0,0,0,0,0,0,0,0,0,0,0,0,0,0
Ecadherin_mRNA,0,0,0,0,0,0,0,0,0,0,0,0,0,0,0,0,0,0,0,0,0,0,0,0,0,0,0,0,0,0,0,0,0,0,0,0,0,0,0,0,0,0
E2F1,-0.3330319730082375,-0.22499357035118,-0.3661660667843378,-0.1196335522659074,-0.506769049087582,-0.30831766844596664,0.8,-0.032779891634947336,-0.87973116038066,-0.0024014572129670343,-0.8775915345873051,-0.8553478939381483,-0.620317523950748,0.9919444250589751,0.3137315073704401,-0.13618795960181782,-0.028971091806640807,-0.9979900378662736,-0.10578205357951039,0.003846504641889531,-0.7,0.035030290915496164,0.054886060964782477,0.36074945618979426,0.9930578821473162,0,0.8,0.9220701826207589,0.9923242892163324,0.7,0.5,0.6,0.5,0.899875968992248,0.899875968992248,0.899889411114183,-0.8998719180275376,-0.8999133636560537,0.8999359538867985,0.8999359538867985,0.5,-0.5443273683160601
DR4_5,-0.09656339660639142,-0.1369196536598744,-0.6157526963246893,-0.0812159623241113,-0.28503224856954396,-0.2183746861626798,0.6904780600656889,-0.4958500564330648,-0.4573930670146643,-0.45627828799531694,-0.4328510221324743,-0.41467102632865205,-0.0028989357405310528,0.42341777540455955,0.10911767417525849,0.08449132535350098,0.4143707735444499,-0.6979694116792468,-0.08413336818307597,-0.47021399127768637,-0.5960063155939445,-0.4279321120830555,-0.42733333333333334,0.3585704765707021,0.4325803446726959,0,0.6904780600656889,0.056273912222279884,0.42753474824144283,0.7977392856023762,0.9,0.8996210326859309,0.8,0.6781232344236178,0.6781232344236178,0.7807066519584412,-0.7817751105118488,-0.7829349018813165,0.7828617570603369,0.7828617570603369,0.9,-0.127101953142686
Cyto_C,-0.09700022978650696,-0.13650607830987577,-0.593578495745948,-0.08177390756831594,-0.2810055447485138,-0.21751075342159382,0.5890930307099597,-0.4772093980809662,-0.4533291932374278,-0.44123693680730003,-0.4289980102531613,-0.4092068485784813,-0.008997129387177024,0.42038748982929325,0.10905103703695336,0.0852129267086053,0.4041762339319007,-0.6843723260946368,-0.08445428195322459,-0.45658693742904266,-0.49549416869004503,-0.4191054559475612,-0.41889233954451344,0.3543499803714675,0.4297887628031386,0,0.5890930307099597,0.07564941267544015,0.4245534760888286,0.8973316327047082,0.8,0.8995318899941486,0.8,0.6743019858674619,0.6743019858674619,0.6769810462472601,-0.7778891436367406,-0.7795825017000679,0.6799976521455545,0.6799976521455545,0.8,-0.12751227847401528
CyclinE,-0.292970845743255,-0.245094298218382,-0.27735228285003294,-0.17647473717318313,-0.43852110360112667,-0.29781894093711914,0.6,-0.05438947073590761,-0.9986674390857996,-0.030138084414280997,-0.8983593120827165,-0.8959674266939187,-0.45022026765020895,0.8998339904544512,0.3040175830067829,0.012073181497673969,0.007128934973413492,-0.8,-0.1532514723737291,-0.02277470290373531,-0.5,-1.474244625033816e-4,0.026628855953631302,0.3266083457734874,0.899875447610151,0,0.6,0.88979883426637,0.89985235766356,0.5,0.3,0.4,0.3,0.7,0.7,0.7,-0.7,-0.7,0.7,0.7,0.3,-0.47917384720353084
CyclinD1,-0.31866609483770725,-0.1953706743140861,-0.2673844001765986,-0.09471949413287328,-0.46462811500305146,-0.2836289724319968,0.6,0.07765030731799746,-0.9988842706063098,0.09776203916157289,-0.9986185974139314,-0.7965904042139014,-0.5866519633265651,0.8998707801647553,0.2901204682547155,-0.16382114854998453,-0.11295062224006422,-0.8,-0.0827682144702382,0.10360677932106502,-0.5,0.11769944341372911,0.13188834154351398,0.327091770069445,0.8999030890369474,0,0.6,0.8909305624939808,0.9998850904912381,0.5,0.3,0.4,0.3,0.7,0.7,0.7,-0.7,-0.7,0.7,0.7,0.3,-0.5065598362103498
Casp9,-0.11584517299165271,-0.1562235987672236,-0.6353063507686008,-0.09879922402401214,-0.3063602640575823,-0.23847355429686737,0.6799976521455545,-0.5107518635160772,-0.5067443819595743,-0.4772093980809662,-0.4825652062711751,-0.4629806351938329,-0.028615458002045437,0.4737353001803609,0.12910661832458653,0.09986149795930567,0.44123693680730003,-0.7609121811671006,-0.10175666947343767,-0.49285948251922296,-0.5890930307099597,-0.45658693742904266,-0.45665896438767534,0.3789454496271309,0.48316095264493714,0,0.6799976521455545,0.10220170025713948,0.4779369347354451,0.8933006807522158,0.8995318899941486,0.9979149506293747,0.8995318899941486,0.7628512488620313,0.7628512488620313,0.7671028505572587,-0.8692528474503629,-0.8703071984690007,0.7693503725958359,0.7693503725958359,0.8996399639963997,-0.1500437910790573
Casp8,-0.11520746440300159,-0.15685517219829462,-0.6608159506507035,-0.09800916001618538,-0.3111686122059076,-0.23977596004803012,0.7828617570603369,-0.5318776456129333,-0.5110328828020119,-0.4958500564330648,-0.4867408455134667,-0.46820119320926823,-0.02160276712041877,0.47729680236050964,0.12925311435584538,0.0990272065580209,0.45627828799531694,-0.776760834681196,-0.10129063549165003,-0.5101474970035822,-0.6904780600656889,-0.47021399127768637,-0.46986469023185096,0.3842792490213478,0.4866056611283921,0,0.7828617570603369,0.08057770969063431,0.48150521764568877,0.8943094892465349,0.8996210326859309,0.9982681578268554,0.8996210326859309,0.7686236801131632,0.7686236801131632,0.8725794049816464,-0.8746270610812698,-0.8752938164809503,0.8740763267666342,0.8740763267666342,0.9997116077865897,-0.1495066007809785
Casp3,-0.1345960860668901,-0.17578653844691228,-0.673437037286384,-0.115983226726829,-0.3307597443903904,-0.25900116699435977,0.7693503725958359,-0.5417856830384365,-0.5593621391255799,-0.5107518635160772,-0.534890107572535,-0.5144318929505555,-0.047997325735657105,0.5271334651163535,0.14878221128556585,0.11480398826290336,0.4772093980809662,-0.8364472626695811,-0.11909592903200124,-0.5266883987010803,-0.6799976521455545,-0.49285948251922296,-0.49297106842235355,0.40264529799400106,0.5365473900369377,0,0.7693503725958359,0.1308754453095991,0.5313669006442573,0.987081266764729,0.9979149506293747,0.9946673895739174,0.9979149506293747,0.8507936317676881,0.8507936317676881,0.8566697796911169,-0.9598368430149534,-0.9601806966572914,0.8578760337858571,0.8578760337858571,0.9983074031621006,-0.1720590711551056
Casp2,-0.028666666666666663,-0.08363834113585851,-0.4881481481481481,-0.02009540846750149,-0.2576731358659833,-0.1780861244019139,0.8,-0.4299276317614374,-0.33730039463477185,-0.364106988783434,-0.32928055810631573,-0.31542254379903256,0.1288285538082023,0.29420627039296354,0.04833333333333333,0.03130178186357962,0.28596491228070176,-0.5872087017288001,-0.02532430908065426,-0.3667847433890765,-0.7,-0.28688524590163933,-0.28904109589041094,0.3203434816549571,0.3000967276542724,0,0.8,-0.1376966032124286,0.2971153018169293,0.7,0.5,0.6,0.5,0.899375,0.899375,0.9994811932555123,-0.8994032077582992,-0.899590058929029,0.8996863974911798,0.8996863974911798,0.5,-0.04147651006711409
BIM,-0.04982537800867008,-0.10345219881526813,-0.553673929576901,-0.03784713253934089,-0.27764522782953177,-0.19527300154685961,0.8995685005393744,-0.47549759176153694,-0.38023799137825237,-0.42215516338500214,-0.36849703611460216,-0.35100162397192103,0.09581456764105166,0.3417310208750016,0.06946138211382114,0.04700726870771086,0.35994318181818186,-0.5690703363914373,-0.04359537897999437,-0.427358830957965,-0.8,-0.3630434782608696,-0.36473063973063974,0.34770915976226535,0.3489371564705947,0,0.8995685005393744,-0.09088544654809717,0.34512441485071826,0.8,0.6,0.7,0.6,0.8969728305305076,0.8969728305305076,0.8974165890122785,-0.7972563897300244,-0.8977769084841519,0.9980968817587156,0.9980968817587156,0.6,-0.06950592885375494
BIK,-0.04982537800867008,-0.10345219881526813,-0.553673929576901,-0.03784713253934089,-0.27764522782953177,-0.19527300154685961,0.8995685005393744,-0.47549759176153694,-0.38023799137825237,-0.42215516338500214,-0.36849703611460216,-0.35100162397192103,0.09581456764105166,0.3417310208750016,0.06946138211382114,0.04700726870771086,0.35994318181818186,-0.5690703363914373,-0.04359537897999437,-0.427358830957965,-0.8,-0.3630434782608696,-0.36473063973063974,0.34770915976226535,0.3489371564705947,0,0.8995685005393744,-0.09088544654809717,0.34512441485071826,0.8,0.6,0.7,0.6,0.8969728305305076,0.8969728305305076,0.8974165890122785,-0.7972563897300244,-0.8977769084841519,0.9980968817587156,0.9980968817587156,0.6,-0.06950592885375494
BID,-0.05637882447665057,-0.09807699891550822,-0.5081781376518218,-0.045173546495234876,-0.23878649928644347,-0.1792391943153283,0.49911699779249447,-0.41017230776139624,-0.3528002405658869,-0.37201074787281685,-0.33617677715238686,-0.3118875242404654,0.04387336598790344,0.3201107352712006,0.0681896551724138,0.05445684090480181,0.329153605015674,-0.5385325568498653,-0.04842852102026414,-0.3839267151767152,-0.4,-0.33798076923076925,-0.3380952380952381,0.30935210319213857,0.3289103885494383,0,0.49911699779249447,0.0023269980135444735,0.3240810560119261,0.8,0.6,0.7,0.6,0.49355085034154766,0.49355085034154766,0.49415223628691984,-0.5934640803825695,-0.5949623958678396,0.5960275668981855,0.5960275668981855,0.6,-0.07721558176901673
BCLXL,0.044044950298151184,0.10747398210499279,0.5646087398373985,0.032804465572551025,0.3007205234407321,0.21282915780080996,-0.8997536945812807,0.4902102501079483,0.3966446453695584,0.43463712757830403,0.38921934825666565,0.3718381870508631,-0.12869073786862747,-0.35582290635885827,-0.07060063990692263,-0.04222162975037701,-0.3667226890756302,0.574667759156704,0.039201425095585676,0.43901887288748603,0.8,0.3691891891891892,0.37207357859531776,-0.3663128042772915,-0.3620347952079833,0,-0.8997536945812807,0.1329617607318034,-0.3586951735441759,-0.8,-0.6,-0.7,-0.6,-0.9978466803914271,-0.9978466803914271,-0.9981746249183552,0.8980193967447114,0.9984577678042525,-0.9987073857264077,-0.9987073857264077,-0.6,0.06201582352743974
BCL2,0.044044950298151184,0.10747398210499279,0.5646087398373985,0.032804465572551025,0.3007205234407321,0.21282915780080996,-0.8997536945812807,0.4902102501079483,0.3966446453695584,0.43463712757830403,0.38921934825666565,0.3718381870508631,-0.12869073786862747,-0.35582290635885827,-0.07060063990692263,-0.04222162975037701,-0.3667226890756302,0.574667759156704,0.039201425095585676,0.43901887288748603,0.8,0.3691891891891892,0.37207357859531776,-0.3663128042772915,-0.3620347952079833,0,-0.8997536945812807,0.1329617607318034,-0.3586951735441759,-0.8,-0.6,-0.7,-0.6,-0.9978466803914271,-0.9978466803914271,-0.9981746249183552,0.8980193572541151,0.8984578019700924,-0.9987073857264077,-0.9987073857264077,-0.6,0.06201582352743974
BAX,-0.0757101575242288,-0.11827614543044422,-0.5544209122182958,-0.062256463578151955,-0.2652456432553151,-0.20117332185562264,0.5960275668981855,-0.4473354283287721,-0.4067129080972315,-0.41017230776139624,-0.3908958782759824,-0.3685293945911562,0.021367283262842606,0.37233949893814755,0.08925790443057402,0.06843955889380417,0.37201074787281685,-0.6126024553842508,-0.06572809907933587,-0.42459167681354393,-0.49911699779249447,-0.3839267151767152,-0.3873260073260073,0.33515210319213856,0.38124863326436464,0,0.5960275668981855,0.030248758404742514,0.37619478590343375,0.8994774657086871,0.7,0.8,0.7,0.5858733071553672,0.5858733071553672,0.5871633020993834,-0.6868736298109488,-0.6888548689861193,0.5900816209522396,0.5900816209522396,0.7,-0.10168540232366599
BAK,-0.0757101575242288,-0.11827614543044422,-0.5544209122182958,-0.062256463578151955,-0.2652456432553151,-0.20117332185562264,0.5960275668981855,-0.4473354283287721,-0.4067129080972315,-0.41017230776139624,-0.3908958782759824,-0.3685293945911562,0.021367283262842606,0.37233949893814755,0.08925790443057402,0.06843955889380417,0.37201074787281685,-0.6126024553842508,-0.06572809907933587,-0.42459167681354393,-0.49911699779249447,-0.3839267151767152,-0.3873260073260073,0.33515210319213856,0.38124863326436464,0,0.5960275668981855,0.030248758404742514,0.37619478590343375,0.8994774657086871,0.7,0.8,0.7,0.5858733071553672,0.5858733071553672,0.5871633020993834,-0.6868736298109488,-0.6888548689861193,0.5900816209522396,0.5900816209522396,0.7,-0.10168540232366599
BAD,-0.0268719806763285,-0.08488671311115295,-0.490625,-0.018351910828025477,-0.2659264831252194,-0.18494117647058822,0.8,-0.43463712757830403,-0.3432708773634932,-0.3667226890756302,-0.33568499333822766,-0.3220336522580562,0.1418982850384388,0.29964498214139534,0.04861111111111111,0.029440443656307474,0.2885714285714286,-0.48860148897828426,-0.02369047619047619,-0.3691891891891892,-0.7,-0.28918918918918923,-0.29130434782608694,0.3265114291817988,0.3050858617884617,0,0.8,-0.15232203009207276,0.3023648983148181,0.7,0.5,0.6,0.5,0.8995136778115501,0.8995136778115501,0.8995985950827897,-0.9995398331895313,-0.9996798078847309,0.8997536945812807,0.8997536945812807,0.5,-0.03907103825136612
b_catenin_TCF4,0.9,0.9,0.8,0.9,0.8,0.9,0,0.8,0,0.7,0,0,0.8,0,-0.9,-0.9,-0.6,0,0.9,0.7,0,0.6,0.6,-0.9,0,0,0,0,0,0,0,0,0,0,0,0,0,0,0,0,0,0.8
