Source,Wee1,UbcH10,U_Kinetochores,SMAC,Replication,pRB,Plk1_H,Plk1,pAPC,p27Kip1,p21,Myc,MCL_1,Mad2,IAPs,FoxM1,f4N_DNA,Emi1,Ect2,E2F1,Cytokinesis,Cyto_C,CyclinE,CyclinD1,CyclinB,CyclinA_mRNA,CyclinA,CHK1,Cdk1,Cdh1,Cdc25C,Cdc25B,Cdc25A,Cdc20,Casp9,Casp8,Casp3,Casp2,BIM,BIK,BID,BCLXL,BCL2,BAX,BAK,BAD,ATR,A_Kinetochores
Wee1,0.269215323670036,-0.01778069431614849,-0.13061300768117787,-0.07670082239497641,-0.16305374002019216,0.10349839699775276,-0.4342777579127393,-0.4072254390403887,-0.3176239848739253,0.24391776800646384,0.25177390578276915,-0.14662598823948478,0.1938273726201592,0.0784519093708902,0.07743673768962413,-0.31234984280378486,0.02198428178462572,0.29487697612845953,0.05905308912918448,-0.09456005543767901,0.060315480440132054,-0.07670082239497641,-0.2439492373020435,-0.16923260087215747,0.002217470884367752,-0.28984585817981445,0.08422855727642617,-0.16303266903705818,-0.44289737299658427,0.10383868880646178,-0.34607706745574185,-0.28297666788819115,-0.2699144000126305,-0.028468913394816296,-0.0840072544404384,-0.07760938850369745,-0.08459930179338068,0.15628304620139147,-0.0766921912724028,-0.0766921912724028,-0.039558634726012176,0.04122967296708636,0.05143542221311929,-0.07588902612773818,-0.07588902612773818,-0.07871214280702121,-0.16320807761068698,-0.1872966962548835
UbcH10,0.3049000049313571,-0.06335291365637091,-0.19855037661668093,0.09113342209182056,-0.20229095918354317,0.3230439016576214,-0.451146477671978,-0.4402110281726487,-0.23333639608873433,0.35874453199581346,0.14849903816063395,-0.07291180050957084,0.027762001193546722,0.11690908130217367,-0.09479338990830191,-0.42958406362142076,-0.31877107670451943,0.2362383535970912,0.06212242118174242,0.14625668519860607,0.0631431690142908,0.09113342209182056,-0.1548039229356151,-0.06780617041024678,-0.23206976375873598,-0.22487137536020088,-0.281833368583441,-0.1965232402263389,-0.3746009367968461,0.31096764520561593,-0.3983323835957219,-0.3895984039336932,-0.3475914621063336,0.10878954056251318,0.10547546631729994,0.12512663571127056,0.11775559005130484,0.11235986580205748,0.06784206901659388,0.06784206901659388,0.08978692510381449,-0.09754552852691303,-0.10030245558087458,0.08960265400231339,0.08960265400231339,0.13193700843893208,-0.20025998321375096,-0.2962797936439178
U_Kinetochores,0.24429193088891102,-0.16183396948259898,-0.042351675308312756,0.37394544816909364,-0.22569956786863893,0.2579278609865338,-0.3516108189281289,-0.34192423682100487,-0.12796130053902594,0.2531345597270107,-0.039817566660565504,-0.02900690173536511,-0.17158535534101502,0.06440777608014707,-0.3713903008074356,-0.3346659795078391,-0.11301582546821998,-0.09858718299363228,-0.137393369671478,0.18373332072014872,-0.1366689164831896,0.37394544816909364,-0.1420492805835766,-0.02044889725078459,-0.15363185243921437,-0.1682671399220039,-0.246301129715259,-0.22088802395325238,-0.21076084182000576,0.3269337255631631,-0.2206441577219401,-0.21900330835098308,-0.2887281068205706,0.04349783673446401,0.4321690300158367,0.41779043891757156,0.4453782286811704,0.2193396548333979,0.33211752534488603,0.33211752534488603,0.31956746498856403,-0.34139981904404315,-0.39013287626665255,0.3765112649785834,0.3765112649785834,0.4286422534003006,-0.22421888434625967,0.08099027988057071
SMAC,-0.42984897087592266,0.0792394148161594,0.17237752302336712,0.48876884977974255,0.012297075827539677,-0.4015584005246284,0.1670572196657792,0.2998863303904683,0.21508835573854954,-0.38004798142878,-0.40488201448910593,0.3559506200717181,-0.4917041055568932,-0.08168412760700874,-0.5478200357972207,0.08293291971464621,0.004303349124324699,0.10714453360159948,-0.10186049193137951,0.2666296402656407,-0.09759624279178412,0.48876884977974255,0.023697593530317265,0.3770065550865532,-0.007850130305478613,0.31920172492071325,0.14496508185145782,-0.01965590360832432,0.4053367722266028,-0.17970551884424976,0.2413647521055066,0.03758599911098788,0.18312531276067712,-0.12011902741570371,0.863163827058553,0.7976401179941003,0.8894835111425505,0.30916827414668235,0.4787667005400449,0.4787667005400449,0.46601660779201426,-0.4691305245893145,-0.5052043447356095,0.5120707327189249,0.5120707327189249,0.7981308411214953,-8.142194780137862e-4,0.22625505063497867
Replication,0.3331307596605623,-0.03968291103959909,0.07738200983052437,0.047463546945945685,-0.08956607722163565,0.19485875851374304,-0.32996876791838137,-0.358029223931497,-0.25092431334886345,0.23814541741512035,0.3157281558672985,-0.17179642268375014,0.028622741276226334,-0.005150639285362302,-0.04865079116167566,-0.17756015921946947,0.17644964785057596,0.05875997247667528,0.10105547670463808,-0.042916536440868486,0.10148950553974367,0.047463546945945685,-0.3268963340498002,-0.3621021881168018,-0.03033304877435347,-0.17673811398718536,-0.017857389331485438,0.014838740520521176,-0.25976047158976423,0.1789281571085364,-0.0017751811237000815,0.09909397068697195,-0.24496507667701634,0.0720518826073765,0.05521818765211075,0.0545875557478933,0.05808977797011552,0.14147990343652267,0.034508169909961035,0.034508169909961035,0.05532034335602741,-0.05163632140812742,-0.05542996283864342,0.04699022325223767,0.04699022325223767,0.05641058958051805,0.012011752205406212,0.09763650649784544
pRB,0.18405867445681778,-0.2835349241289994,-0.2604100497739211,-0.22711210444634977,-0.4054666394905123,0.5096250495996358,-0.5529043005402158,-0.5380527671052326,-0.2724948257387389,0.5047681635684323,0.5778816950988118,-0.5556917195132389,0.40047611087710855,0.13526941852038102,0.21990697659773809,-0.5572104844905966,-0.3778172016372175,-0.08916826266448424,0.1680324616773144,-0.3044987267048874,0.1675680393758546,-0.22711210444634977,-0.5869000370226635,-0.5934045300947394,-0.3098989502388446,-0.6449830686898557,-0.31836001152788795,-0.3890242414288478,-0.2882236233875368,0.4252237211425894,-0.48332190093025273,-0.5220423987237869,-0.6083371399300962,0.1495992410844385,-0.23311105878828958,-0.21157207728452207,-0.22746856526973466,0.1407140109880749,-0.20403289175287992,-0.20403289175287992,-0.1751401108769297,0.024300958266630736,0.03903090406037223,-0.23143523093221888,-0.23143523093221888,-0.21912600466654197,-0.39923495613087817,-0.3629829574701572
Plk1_H,-0.21153347758729443,-0.06131913769506081,-0.14803791313729234,-0.3286122161998416,-0.009239411637925132,0.19089418675674819,0.46207883556121904,0.32983760952364605,0.32737184481832493,0.070253205903224,0.061805141960873736,-0.013306021395838988,0.01799507811248504,-0.13130020126439815,0.32123733963417456,0.21770773758419523,-0.3043808985103527,-0.22595792087454022,0.3275452572619682,0.16738896292700212,0.325951334872535,-0.3286122161998416,-0.028386764590910996,-0.013839169563194354,-0.12709060878927778,0.21620705948207294,-0.2099331834344051,-0.004828657604156104,0.16099498763757453,0.16651753534640445,0.2294190339909059,0.06307069896214193,0.05946594861250633,0.18618569916683306,-0.35026263335103225,-0.3186625753888478,-0.3469056805982451,-0.06827407959209013,-0.30330544785122054,-0.30330544785122054,-0.29848194346340956,0.3096492202310035,0.33663659186242445,-0.33336681593769296,-0.33336681593769296,-0.3272147922089579,-0.007340852726107324,0.07229216636011017
Plk1,-0.09511786668334705,-0.05984474061992934,-0.12391558746716298,-0.3052791659439156,-0.054286031564420335,0.17638772578750264,0.32831437692710663,0.09451456016724677,0.29918344889982607,0.07506702263094944,0.06785957000755281,-0.015737143434330015,0.018302200893534605,-0.10622490961188506,0.3011616725189069,0.0967285972257289,-0.19408423897608265,-0.20743425984399155,0.10871639841999389,0.148142453737591,0.10832535928269738,-0.3052791659439156,-0.030351509389610638,-0.01613700068713296,-0.13443448829459412,0.10022717974771293,-0.18664017270242453,-0.051418762507520685,0.13327828822950155,0.15558722497921768,0.12527021965203414,0.06395319628643176,0.043729312837569256,0.16528723540176182,-0.3350458848069281,-0.3284547882592447,-0.3425286866045386,-0.04607259093027185,-0.2838968200929947,-0.2838968200929947,-0.27945004232952053,0.2847643929040621,0.3125582994772536,-0.30778675399867383,-0.30778675399867383,-0.3410062264958009,-0.05314972940945998,0.04097363639760082
pAPC,0.3156591243860215,-0.15414038501353872,-0.0689145221196861,-0.21049244420561494,-0.22238074687422835,0.2952958177626934,-0.4161565275169276,-0.3985382958753253,-0.07656387969677556,0.3334923993322481,0.2002895710457889,-0.08823317015053803,0.21295930774861502,0.26534343967141405,0.20779507916273912,-0.3977697116249859,-0.2801720890723864,0.338812284652351,0.21752315564816924,0.11807933220882874,0.21872269449016982,-0.21049244420561494,-0.19404039517374455,-0.08695972107115198,-0.35153379182596983,-0.255156311975942,-0.20681295402746985,-0.21877033746385086,-0.4469578098615316,0.22539591377599946,-0.4529601479725744,-0.36108793175305876,-0.33836445801410453,0.16548191245126637,-0.2225797789224453,-0.2069868334490758,-0.22131473861335657,0.2859094318733578,-0.1940360449363001,-0.1940360449363001,-0.09345215432968536,0.1818654274804715,0.19658844582965615,-0.2115261350591869,-0.2115261350591869,-0.21380035903564573,-0.22119001322556858,-0.4027739805425819
p27Kip1,0.07541957851329588,-0.27764005203635067,-0.2383287259137465,-0.18309481767212227,-0.47973984496247424,0.6874754972585592,-0.6076620175638059,-0.49632626844585365,-0.30120399660280756,0.5771007156623371,0.650069826306765,-0.5404561717223627,0.3799974221705574,0.11742843871857175,0.17352454303561177,-0.6243869949951348,-0.4542688888561231,-0.06375173752251787,0.08752196755605718,-0.29992371668549367,0.08579844168143481,-0.18309481767212227,-0.6652004027277185,-0.5715465607269901,-0.38753586797123307,-0.6221637162860592,-0.30310475936504727,-0.45608489572944605,-0.25569852248875513,0.39862034606398383,-0.43780185771628083,-0.5873241446784628,-0.5816477051075386,0.146091961567451,-0.1808794533479507,-0.15471185471185472,-0.17099246358015385,0.2059420881834265,-0.1742942579390505,-0.1742942579390505,-0.14363269798939415,0.0022473081753459773,0.011395454690028289,-0.18937837966821963,-0.18937837966821963,-0.1594253938832252,-0.4706039519907891,-0.33205928654796024
p21,0.31107255364230507,-0.23076281108889374,-0.2284525274818244,-0.09345101393785535,-0.3137562833828663,0.510083307160804,-0.46310044942386525,-0.4571417466438736,-0.15501199850309266,0.5100022825667722,0.38728006458605363,-0.3566136078142385,0.19481378737442778,0.14596946479343834,0.08597217634295178,-0.46144697191678336,-0.37729568780130424,-0.019896535647759506,0.23900755473153706,-0.09300459872682507,0.2383310253273804,-0.09345101393785535,-0.39770037227153243,-0.5999750104664854,-0.30777253676627814,-0.4374791922886366,-0.3111893346773616,-0.29617339062188824,-0.3640310481559827,0.4297969883849067,-0.40169514608031076,-0.4239324405443988,-0.41121440244886687,0.1418910691273921,-0.08951776213344183,-0.05855072463768116,-0.07750185693803872,0.14236532537586027,-0.09247338628669796,-0.09247338628669796,-0.055292042228751816,0.053418645248540855,0.06109347723578672,-0.09794050645020572,-0.09794050645020572,-0.059199999999999996,-0.3070724976161752,-0.36360066449745687
Myc,-0.20010538391798818,0.31291404100718145,0.257179055406862,0.25960153021842214,0.4549799203109413,-0.5333608195309575,0.660676301960649,0.5454320266207675,0.3805688292006586,-0.5185730634047602,-0.5276640641254693,0.5203529938186816,-0.4167303410420457,-0.12796749523117532,-0.2523685844763755,0.5687242624309959,0.3939212474542349,-0.047897224754591586,0.015377467315247936,0.41014188674846547,0.016167659016463342,0.25960153021842214,0.534904411336629,0.6549967758281885,0.39507336040801155,0.5874427093515832,0.21667732071949536,0.4367362713929424,0.40234407519530035,-0.3165997474557468,0.4868102228959189,0.5345498434363345,0.5285694614910466,-0.08523154740346874,0.2705976192530737,0.24547134075427818,0.2657742109779091,-0.22936034927595625,0.23928347782142484,0.23928347782142484,0.1953390877211817,-0.0766802774656565,-0.10060326100126023,0.26415421483607854,0.26415421483607854,0.2529982030109684,0.44802275229517213,0.34676981682654295
MCL_1,0.4757788700791134,-0.05217048966009032,-0.1841399644403819,-0.8931515576880915,0.08914571773581928,0.3982057164441416,-0.08550081310625748,-0.29144670399682293,-0.2127007437315002,0.39118273766263084,0.38036427401029255,-0.3515225320910902,0.5284510526493538,0.07192650608344417,0.7986798679867987,0.029115309970950503,0.07492354413101154,-0.20773625770554743,0.1130725620832764,-0.3078203449302585,0.0958397534668721,-0.8931515576880915,0.14929428829693508,-0.3592112963974491,0.054460366723434475,-0.2994202823301945,-0.15345080669869565,0.132551724137931,-0.4128089274181437,0.1726030775447385,-0.22824318012879968,0.0776409092750922,-0.11472129158878626,0.1666366429184895,-0.7992994746059544,-0.6,-0.7,-0.4462321597724882,-0.9688859078703109,-0.9688859078703109,-0.9666476642018587,0.9189233405371933,0.935265956235086,-0.9783312538718633,-0.9783312538718633,-0.6,0.11312140877679164,-0.22444008370876073
Mad2,-0.3278563293708887,0.0036639173190742497,0.05264957479967606,0.33829921504926974,0.18332769627466594,-0.19983530421652726,0.4019049128862614,0.3866963808294734,0.10392790797686294,-0.32790855557440973,-0.26569131196651347,0.08377172620425835,-0.30559559373632067,-0.24821012922731905,-0.3319282166942147,0.3890412890481808,0.18499624005722434,-0.32866186904005845,-0.22085481879792562,-0.06806602966386002,-0.2220406937627209,0.33829921504926974,0.2387317590132064,0.09292202852996947,0.329881463183389,0.29898777377999053,0.09889767016040485,0.17702877152850544,0.4354305376941124,-0.20986157880653417,0.4388016964820463,0.3550425961714254,0.3437698356515808,-0.15943464439041594,0.3606637488081973,0.3264280623154465,0.35662460787828154,-0.17003747483488282,0.31622984816283434,0.31622984816283434,0.33378339512953464,-0.205054029258417,-0.23461035479419015,0.34163262679737016,0.34163262679737016,0.3343414563388453,0.18113146292242766,0.37701637363656393
IAPs,0.4391072856425186,-0.08627643427188728,-0.17671746750732603,-0.5120707327189249,-0.02111131140775315,0.41718398671858825,-0.18917981037807124,-0.3144853054828292,-0.22846736815486812,0.39368394715162525,0.4350226909332843,-0.37227498032429374,0.5018778318891204,0.08686221313679796,0.48876884977974255,-0.09815454904390976,-0.013605222147919932,-0.09912112651099972,0.1043384304065289,-0.27315101866046343,0.10186049193137951,-0.5120707327189249,-0.03561241523050317,-0.39675192726494884,0.0027899800343493494,-0.3379744921610097,-0.14681016053638654,8.142194780137862e-4,-0.419759627866541,0.1865225906914388,-0.2580982448404707,-0.05669046456079232,-0.1960579074459424,0.11762837998218276,-0.9168008277593238,-0.8894835111425505,-0.9691169123645466,-0.3065474143370787,-0.49007954970205603,-0.49007954970205603,-0.47584120416434833,0.47451245252923274,0.5121185375136388,-0.5257655326079812,-0.5257655326079812,-0.8912298826550415,-0.012297075827539677,-0.23466309919174205
FoxM1,-0.28410838369657937,0.23539911728646504,0.18734586240229917,0.0730325500238057,0.27260920995991506,-0.15516984836749576,0.5931391088187226,0.4693997245592055,0.37417081264192864,-0.2928494162957961,-0.22422385901788394,0.07360259643662484,-0.24095465614959916,-0.10179153701817709,-0.07222595162244108,0.3708645886699552,0.14497098115865553,-0.3509264044330497,0.041489604879015964,-0.04587982524897874,0.03998991137716722,0.0730325500238057,0.22163013752937344,0.07839171245278728,0.27665776648724133,0.3951574885916457,0.05696378107262264,0.27105445504280373,0.40176389369890647,-0.18344736215274354,0.41370291053006136,0.4360463394581249,0.4208518392654031,-0.014284569105608482,0.07640719594163921,0.06512909972588425,0.07361301684739345,-0.21572761215161126,0.07176338363094596,0.07176338363094596,0.027157686745468868,-0.02474721256941007,-0.03235544703281297,0.07288144801792898,0.07288144801792898,0.0660634437120052,0.2722243357208094,0.25614761618635207
f4N_DNA,-0.28959847376612524,-0.01860169088911996,0.10277265855753907,0.24686667830644624,-0.21050529224095382,0.03068395305188213,0.3275066322783378,0.20779452162835108,0.2585940974692972,-0.16655510482186547,-0.20138108761955484,0.05244502586806976,-0.18455791993700732,-0.07960292949887836,-0.2462620178575144,0.3051522423867693,-0.026960872628682103,-0.24170589934990794,0.010584430714970236,0.16885624803917174,0.009527800402996245,0.24686667830644624,0.16406086095219682,0.1994166298927243,0.0696271384542669,0.2909714641409572,-0.17295379870404262,-0.21090294239158144,0.3598516505308663,0.039869398232284345,0.33836043169985136,0.2501583555234534,0.17197710525020288,0.07789179225947374,0.2751009650547179,0.2651991762678659,0.2814061110191675,0.024055092862918355,0.21403916037038603,0.21403916037038603,0.17427545226066715,-0.20846456160770455,-0.2358197060063957,0.2472246507070474,0.2472246507070474,0.27448475888134255,-0.2105132772929365,0.2632410051463633
Emi1,-0.3051819505467261,0.19142800662129658,0.19915659905790017,0.08406357049137278,0.21079319743106137,-0.2975353036586078,0.4220180129143124,0.4067581566429239,0.1425579796722095,-0.32988254415475043,-0.1588110321857224,0.06998236850125011,-0.14784178404749745,-0.13475346183506057,-0.08143141318248213,0.39933665515717087,0.29620928517659617,-0.25341479946681333,-0.22382134241880447,-0.13304810831758665,-0.22508389068592177,0.08406357049137278,0.15800568492285638,0.06630808996987282,0.25486398284858003,0.22675372202417193,0.23023472643839688,0.20722470579503552,0.3445747591643003,-0.3636586573396558,0.3592784064012062,0.3650818274092406,0.3325473867895522,-0.10915839563196439,0.08587922235885666,0.06765120521892967,0.0800971862042365,-0.13210747029085493,0.07982242471241344,0.07982242471241344,0.04391162181033491,-0.05294502195153596,-0.06010439269803277,0.08495707024515133,0.08495707024515133,0.06876902640172691,0.2096205759892446,0.3238286781578895
Ect2,0.29057340362856876,0.01695950847175661,-0.1033806023384338,-0.24454608418772347,0.21090294239158144,-0.0321217667992559,-0.3248388030553981,-0.2086116878459941,-0.2574113584440969,0.1672936404329821,0.1877530500437365,-0.04799062572504823,0.18353146937519235,0.08175139518550818,0.23837668718528363,-0.3062478219914832,-0.07444707891144735,0.24422373969579114,-0.007850700163410497,-0.1653043982548787,0.094714663331385,-0.24454608418772347,-0.1650621535613391,-0.1928502298833586,-0.07315346983973034,-0.2885360877320492,0.1722075277495007,0.2167179487179487,-0.36177967268697975,-0.038342240587898,-0.3397976258749568,-0.25033605277032234,-0.17321428170327935,-0.07646763594064353,-0.2569879518072289,-0.18095238095238095,-0.23411027568922305,-0.020318062783176053,-0.21341622549440195,-0.21341622549440195,-0.17265640975949131,0.2084245794986846,0.23565190974410738,-0.2462620178575144,-0.2462620178575144,-0.1826086956521739,0.21245099029344106,-0.2659736207787071
E2F1,-0.048360581202180716,0.27685393485373255,0.2411489395866974,0.37124402482135893,0.4702577908930164,-0.4994617280933221,0.5167732973349882,0.4925422696739562,0.23934380169362762,-0.48454000104182365,-0.5650548175444572,0.5501634323093596,-0.4833261784215329,-0.11853359683704293,-0.3638765971511673,0.5312390641074354,0.45778856220921815,0.10446084263114826,-0.09536949192235672,0.30201719704149704,-0.09488995056034019,0.37124402482135893,0.5638437107129651,0.5789530545290675,0.3022988633562186,0.6305854327105647,0.316130006829881,0.4549554327504561,0.13703769399071467,-0.4087417281585285,0.43940051857939116,0.49867147689852914,0.5860556062539283,-0.14799447544309344,0.3937149886632683,0.3738725494679019,0.3943579170624772,-0.09538492319487055,0.3424391605486777,0.3424391605486777,0.31802282590180014,-0.17757196705988246,-0.2246972684006816,0.3757212511868984,0.3757212511868984,0.3847611457711592,0.4644350642648484,0.34178187813567645
Cytokinesis,0.2901088171105698,0.0179340912415794,-0.10304765317720957,-0.2462620178575144,0.2105132772929365,-0.031222609758981158,-0.32729344015217227,-0.20842767556495345,-0.25865827825527765,0.1668823952364608,0.19696632458539348,-0.05083792351249836,0.18429584158422804,0.08048537373638445,0.24454608418772347,-0.3058307972732908,-0.07356669454174146,0.24292005438623643,-0.009527800402996245,-0.16767508791005112,-0.007850700163410497,-0.2462620178575144,-0.16446406152436616,-0.19699090593634974,-0.07084096892901007,-0.29050148728483255,0.17289684877929787,0.21245099029344106,-0.3609780836964144,-0.03936411275139755,-0.3392631263608655,-0.2507202850173694,-0.17262082110981875,-0.0776645337297395,-0.26970396934656343,-0.23411027568922305,-0.2651991762678659,-0.0226129183476829,-0.21383451950193585,-0.21383451950193585,-0.17358885578595576,0.20843189567963813,0.23573525002246393,-0.24686667830644624,-0.24686667830644624,-0.2397193051329866,0.21090294239158144,-0.2643310994163194
Cyto_C,-0.4137622357895253,0.07830485054157381,0.1644404533837391,0.4757323415314044,0.02617312365599416,-0.38381424512130924,0.17003532304120342,0.2852258593931066,0.20305967715570544,-0.3489053435651683,-0.37984498650245635,0.34068179322499353,-0.4749806436740842,-0.07907959158798852,-0.4393548681676297,0.09393540414179372,0.01160019430922742,0.08684820860718565,-0.09496735128628778,0.2507923421736091,-0.0907969874885948,0.4757323415314044,0.05314872976848323,0.36291802654404226,-0.005135607042051192,0.3065009703516356,0.13723374637515978,-0.0036547399807068393,0.3935098120570623,-0.17148512535830868,0.2254573292680817,0.04950177895754941,0.18662992891714553,-0.10830464416647831,0.8571443347114069,0.7969981238273921,0.8874097965736141,0.2929017087420976,0.462889057590081,0.462889057590081,0.44975380396680487,-0.45139179534726115,-0.48865235975446175,0.49652490275042976,0.49652490275042976,0.7976401179941003,0.013946541777132485,0.21765746885761006
CyclinE,-0.07654876995126138,0.2868431446508627,0.21834352963394696,0.04767543488495935,0.459460177564013,-0.5704845427674142,0.5986215021790261,0.4683086084730374,0.3323240552713183,-0.45486575428308146,-0.5481608679839873,0.44350558579268046,-0.26628075407107915,-0.10686590339517565,-0.04249109735572904,0.6066190441310537,0.43114055995578304,-0.08217337633821045,-0.032654833615391995,0.2118386014008537,-0.03267562289525135,0.04767543488495935,0.4570653583865695,0.4677858471233637,0.3617757110677025,0.5247256610533217,0.27829691984968513,0.4470200259028094,0.24365775823880115,-0.37016951955142813,0.4105681628786738,0.5760105780809128,0.565563175209747,-0.033910870773012594,0.04172047016535033,0.021212846121643442,0.0322830699793558,-0.17822838816690498,0.05466948535931393,0.05466948535931393,0.023622633109989064,0.012897012721307216,0.008403139953778864,0.05064796895260039,0.05064796895260039,0.020087912087912087,0.4548055094263933,0.30589776097724763
CyclinD1,-0.16285108517146152,0.30584799538846685,0.28764345454994256,0.23625027686191805,0.4418901424725403,-0.7459869070813976,0.5553009398567337,0.5562897831885627,0.2660408950929151,-0.7358999820478039,-0.5992561140775396,0.5932148678677699,-0.42889510463487346,-0.13840692862062215,-0.2243964695471578,0.5783311849763357,0.4146431287867213,0.14626830602568303,-0.18073850541264774,0.3553335300788137,-0.177050095077503,0.23625027686191805,0.6200241805995873,0.7280602793984424,0.34741607367760774,0.6681843425572112,0.3657926666550039,0.4090071172644765,0.2788145844032951,-0.46108743647278383,0.4957146867757366,0.5365531914863128,0.637187854279736,-0.1899051905343787,0.2351504992922362,0.20237500000000003,0.22381005903723888,-0.15049129960522917,0.22313323820796166,0.22313323820796166,0.1955761294725596,-0.019241587043964246,-0.03293555052884422,0.24472535580331822,0.24472535580331822,0.20773691841307498,0.428924885001162,0.38845974606787237
CyclinB,-0.2996111175253967,0.19858765729876277,0.19297094013930297,0.2671695918348315,0.19164114468442917,-0.1471188578961969,0.37525375314929876,0.35156569057450554,0.34372895287818794,-0.2870605493012076,-0.29677036744904745,0.16980232859189873,-0.2491117177923901,-0.05811307921629775,-0.2665949787935803,0.3542207716659994,0.006150935396693039,-0.34136929288272533,-0.15790534865982425,0.09594521911605312,-0.15873120159882512,0.2671695918348315,0.2708853307767332,0.1956318763545193,0.1690345207334923,0.32204307421410105,-0.07364911123180128,0.19119888743432104,0.3971117799921077,-0.17430184914348665,0.3971506276510888,0.3190953675200121,0.3165306838667358,-0.013311663972244748,0.2929179238131109,0.28904746166602924,0.30054599178920116,-0.1946784935502454,0.24194845179721938,0.24194845179721938,0.15449556895480276,-0.22685836824810987,-0.2524971387499397,0.26727025969581425,0.26727025969581425,0.29928774181935014,0.19154976010938718,0.25124104826673654
CyclinA_mRNA,-0.27686854323641985,0.2755869550475166,0.18165193261727003,-0.08271744392481775,0.18098006993199792,-0.2958591375794701,0.43091180257002487,0.4177989127829343,0.23114210152282216,-0.33865487901521485,-0.1417870286085776,0.07602632130331105,-0.03524629661383043,-0.11016019939888078,0.08571061121597931,0.40886845495152924,0.28988143306058534,-0.22725675291681036,-0.06051172679210205,-0.11165284648225962,-0.061666394308421434,-0.08271744392481775,0.147354999807913,0.0688545679844019,0.21010841563865107,0.21986041687371297,0.24766146085806562,0.1761914761343935,0.35598459518055636,-0.2900736707816243,0.37626729544049203,0.3672639904052319,0.32561733611987553,-0.06879707531121754,-0.09645988875185357,-0.11712072076619265,-0.10869794470652375,-0.10616446304140344,-0.05949768413732689,-0.05949768413732689,-0.08224458065191445,0.08885197450575176,0.0916426444882229,-0.08165510646298178,-0.08165510646298178,-0.12446304518705784,0.17934078163689188,0.27607514562329616
CyclinA,-0.27708057982196593,0.2753782938739985,0.18161963337245715,-0.08165510646298178,0.18174673637012903,-0.2958636072442357,0.4350800796239615,0.4190071881085179,0.23381517894579468,-0.338630479709486,-0.1447851123998376,0.07780468385158998,-0.035692878279211374,-0.11010353416077309,0.08271744392481775,0.41002242389832055,0.28935157675043216,-0.22773989573602496,-0.05953615284571656,-0.10971430358082805,-0.06051172679210205,-0.08165510646298178,0.14840090004096848,0.07119852427046648,0.20864824634867934,0.2223997011500829,0.1466633253791038,0.17934078163689188,0.3572810455967898,-0.28958846512662845,0.3777852540508744,0.3692444903186253,0.32614530011203813,-0.0672782371053199,-0.09267423781594357,-0.10869794470652375,-0.10200898149582141,-0.10623325583215722,-0.059508326373121825,-0.059508326373121825,-0.08242122434411701,0.08936022992726068,0.0920198404748359,-0.08149926908284079,-0.08149926908284079,-0.1165441348291231,0.18098006993199792,0.2756096408197847
CHK1,0.3926419478686009,-0.1596001830212967,-0.24079506696807837,-0.22460002891873768,-0.3600586325797319,0.39411559746992453,-0.4558947200762941,-0.43317347883173934,-0.40197589011412543,0.386370558416094,0.43625029377359087,-0.318930420913501,0.2907823418473986,0.08345773810637923,0.22153799696809715,-0.447378208878074,-0.26294728614294555,0.3065044674011888,0.1544014963238693,-0.12582665610156094,0.15514440597216753,-0.22460002891873768,-0.43166998091674175,-0.5570013484261341,-0.13776778771586767,-0.3879942860076161,-0.15732975832609922,-0.35268625516430635,-0.5349477725538934,0.2682545312895332,-0.5745076294205498,-0.4194834430086982,-0.5062676650524064,0.04521588234189064,-0.23934184582355922,-0.22270939715261734,-0.2388295667757434,0.22932054356539475,-0.20456296638730023,-0.20456296638730023,-0.11942189950335949,0.17116454866609326,0.19036497661550725,-0.22615619308305362,-0.22615619308305362,-0.23003663936882623,-0.3573978271840501,-0.3177253719480796
Cdk1,-0.29875014468945393,0.04816447074895004,0.1738516529718371,0.24685528160490336,0.2035979119736228,-0.16651583510816412,0.37727235696802164,0.35218418009089897,0.32997956869710016,-0.29091883452362405,-0.29916857339933844,0.17007405866207465,-0.22412249555995772,-0.060442021010702895,-0.24633408088384373,0.3574182782265087,0.04408809775102136,-0.3285704641616979,-0.13969278679851554,0.0740706559715239,-0.14043666920156045,0.24685528160490336,0.2722638077262135,0.1983833833213638,0.049861278153645924,0.3244012582551471,-0.03845582608640132,0.2029362927745652,0.38552873556304074,-0.16023992074966537,0.3929031868027491,0.3297033858190561,0.31732742334034675,0.010369163024811131,0.2741839719981258,0.2744459514596077,0.28363379494685464,-0.1566586147915951,0.21863100048862077,0.21863100048862077,0.14219785234069987,-0.20327658828523526,-0.23023882157626963,0.24698533987446059,0.24698533987446059,0.28562032272188287,0.2034118092862396,0.239121645547805
Cdh1,0.16987439634872623,-0.26456127047842315,-0.16534083230918337,-0.1007015321830245,-0.14757218337416256,0.1517978651688463,-0.3695864303913271,-0.34855758034482626,-0.26304822792693927,0.15729050606212985,0.10263530171162542,-0.04365300278653899,0.15518453937169985,0.06111946493220457,0.10090413710342969,-0.2391552530850006,-0.1737189559267215,0.22157748474087482,0.23528132613709513,0.06344070454508063,0.2361922056011569,-0.1007015321830245,-0.09464739246723188,-0.04298237843684775,-0.12512866573152898,-0.16340823684942102,-0.06688396637238327,-0.14771577956682158,-0.27627599677934234,0.10108843884042482,-0.28740143635910415,-0.22023908776849246,-0.30117170858231695,-0.0892467976379016,-0.11203341969011457,-0.10921447996891927,-0.11500077985373532,0.039261448053363,-0.08325592236645797,-0.08325592236645797,-0.061113175923336996,0.05407943960898017,0.06471958921471177,-0.10023601434962001,-0.10023601434962001,-0.11389516486216433,-0.14773331163589792,-0.2388475978254899
Cdc25C,-0.29905176195172833,0.04858321488251898,0.1740183100914408,0.24633408088384373,0.2034118092862396,-0.16627250065045363,0.3764735763695713,0.35232973583245564,0.329597179831206,-0.29114086762602365,-0.2967743907828878,0.16892388257854699,-0.22403398453440387,-0.06095502075456209,-0.24486643754488924,0.35760128215033027,0.044500001285818755,-0.32918265491737997,-0.14043666920156045,0.07311836872650093,-0.14168053934241892,0.24633408088384373,0.2721457999697951,0.1966846546644166,0.05075614057681971,0.3237120611742043,-0.03827158550285383,0.20178855089693126,0.4859382149909113,-0.1605924284228687,0.39319946633517133,0.3297188678797321,0.31756371108288806,0.009986028413394653,0.2709732567317188,0.2560017244537368,0.2744459514596077,-0.1573469348755582,0.218622036883748,0.218622036883748,0.14199838824514618,-0.20343690686236804,-0.2303524289406586,0.24685528160490336,0.24685528160490336,0.26472388391713464,0.2029362927745652,0.23982610758757544
Cdc25B,-0.2866704657822513,0.21583916952063956,0.18404574363966372,0.13487111956270595,0.27955619370618534,-0.1585861306908372,0.5854894270441109,0.4644004154267808,0.35830664722303246,-0.29297010265250345,-0.23689343315172712,0.08939145923896508,-0.23371509345465746,-0.08670671929627911,-0.13169915960844958,0.46694891455329,0.14661145268451867,-0.34508430030728726,0.015662833919932728,-0.043095330631507285,0.01378269067815717,0.13487111956270595,0.2310380637103607,0.09916975851252294,0.2711494642758323,0.39994311685599737,0.059280710167362194,0.27580683828860963,0.49713671950037364,-0.17762141100857443,0.5077832201521861,0.43350199999269073,0.42018433973895036,-0.008730293316113072,0.141524362228971,0.11554147770660932,0.13469126715918603,-0.19511631775936533,0.12489928572276936,0.12489928572276936,0.06966913926794219,-0.08522853339838962,-0.09907565021763437,0.1358648069445541,0.1358648069445541,0.11802770249924721,0.2783925295699531,0.2527064932956039
Cdc25A,-0.18150057742926207,0.2545635885197543,0.19476433239521845,-0.107606921843643,0.28210720702707626,-0.2538250035211146,0.47198546275637093,0.4459822020725091,0.3558227392760478,-0.2798206290218935,-0.11373307918378253,0.0555097605481647,-0.12892200629665115,-0.10374668780154186,0.10833120333032605,0.45384139061796225,0.25910017447775385,-0.32122245806065663,-0.12481278987172592,-0.1194247947042788,-0.12613929084369885,-0.107606921843643,0.11921143208861373,0.03840863814072911,0.1893345617671231,0.32290741479568774,0.18762906453868372,0.2805079895023991,0.24351316811654633,-0.308629709103413,0.3971780033683139,0.4239514785161661,0.29039415193983065,0.05188415221262579,-0.12120360171110076,-0.1356457266134997,-0.13104221555311596,-0.0974931074585865,-0.08089043615224437,-0.08089043615224437,-0.09924602719550844,0.11092705372147556,0.11527837063404833,-0.10783157617895438,-0.10783157617895438,-0.14426552981118446,0.2816833419147174,0.2685317846910716
Cdc20,0.3268142024873279,-0.0035156149676222347,-0.05263855407363969,-0.2180111627801838,-0.18460330446852402,0.19659441628811752,-0.40769081247016314,-0.38834973626508856,-0.10760219472568895,0.32606166818140814,0.25487039285093155,-0.08461056829508114,0.2038987290781417,0.24831286774907002,0.2155387885650409,-0.3909234440290936,-0.18443584592695964,0.3299460585530487,0.21967933614331972,0.06614813515273084,0.2208206185797096,-0.2180111627801838,-0.2449859318332289,-0.0939854642183757,-0.3281060367983,-0.30197569624943377,-0.09747210365323704,-0.18136690257111338,-0.4370812803291358,0.2092163763507613,-0.4410672754849568,-0.3580278062630745,-0.34458960550714035,0.05733422800758013,-0.23389605047431603,-0.2207108016633005,-0.23475122377025812,0.27310896249464645,-0.1988185777071588,-0.1988185777071588,-0.09800380773519049,0.1888741950908814,0.20724763047634148,-0.21900526219889485,-0.21900526219889485,-0.22876626511279138,-0.18353508554875136,-0.37656489362183165
Casp9,-0.42250603599492464,0.0848265896720086,0.16845409918617163,0.49652490275042976,0.034330417466175364,-0.39816246863890925,0.19111781407478673,0.2989246532646702,0.21594494462875566,-0.3615742253276745,-0.40851567584237225,0.3559719584051719,-0.48453124433354144,-0.08397547459545951,-0.4757323415314044,0.10832215294543171,0.020002656950496894,0.07911650995093505,-0.09714170645159713,0.2570901372021003,-0.09496735128628778,0.49652490275042976,0.06432565249760562,0.38146946376038116,-6.731591176658079e-4,0.3241270385270511,0.1387544614373654,0.013946541777132485,0.4071862769299102,-0.17777425181501677,0.24142547132318032,0.06742365547204006,0.19864477452674006,-0.10587415303233746,0.8063248047486977,0.8874097965736141,0.9640538202764614,0.29020122783453867,0.4731979033350594,0.4731979033350594,0.4587058307075422,-0.4562676003150624,-0.4949278640632076,0.508927879890249,0.508927879890249,0.8894835111425505,0.02617312365599416,0.22546998323745893
Casp8,-0.42817258510190487,0.08490189744320194,0.16868422428590113,0.608072327702937,0.03354866641130108,-0.40380170091557277,0.1910802262497447,0.2996945273605862,0.2162992907978411,-0.3661791671434327,-0.4185389971484745,0.36008072114103024,-0.4937549083356775,-0.08404551718654789,-0.584349785433254,0.10783297961823428,0.019808157329574593,0.08110019089999633,-0.09735498957966783,0.25976406533595175,-0.09509605290915554,0.608072327702937,0.05366293252651404,0.3860298678623815,-6.702505781048584e-4,0.32581295387813214,0.13934280258506948,0.013093014260540372,0.4092290967513289,-0.17842448592426707,0.24182476186983037,0.06689892059928926,0.19878562324272114,-0.10637090760477233,0.8157964744262551,0.8897297764443683,0.9693591726374857,0.30515374757048236,0.4871370370914637,0.4871370370914637,0.5739018529227671,-0.4714345796855917,-0.5114266844685991,0.6225944690069095,0.6225944690069095,0.9915363413116598,0.02524571461285719,0.22580152518177324
Casp3,-0.42826342762145303,0.08883976230388764,0.17087970659528018,0.508927879890249,0.03979441869141329,-0.4072981724609894,0.20644326604759433,0.30832937975084374,0.22516557270785667,-0.3695687892863711,-0.42854773652307526,0.3664906654873071,-0.4905518376575909,-0.08725979583762922,-0.49652490275042976,0.11796042351712124,0.025019227596549516,0.07372675891924621,-0.09846626400889906,0.2617125979632506,-0.09714170645159713,0.508927879890249,0.07244281995780665,0.3945361837878238,0.001738000782516551,0.3367464878575605,0.13900192375408826,0.02617312365599416,0.416904136323302,-0.1813780749062397,0.2522049061424913,0.0799323861851012,0.20669136287622134,-0.10345386439835376,0.8362308618302045,0.9640538202764614,0.9191877883506482,0.2881328847405037,0.47968877657678644,0.47968877657678644,0.46410847845320147,-0.4591378301467916,-0.4986759773263697,0.5166335544022487,0.5166335544022487,0.9691169123645466,0.034330417466175364,0.23033482644690167
Casp2,-0.42342240215924426,0.03403093721565059,0.15569035239745813,0.7979139504563234,-0.08709779531931092,-0.33580570881515637,0.05657402892897774,0.24035961070140868,0.17124724995769167,-0.3298966817428875,-0.31572190568553765,0.290390610673024,-0.5629111871734823,-0.05426356589147287,-0.7,-0.037090946127688915,-0.08148148148148149,0.18255426509894165,-0.08863636363636364,0.2632582918815734,-0.06363636363636363,0.7979139504563234,-0.13456766158446956,0.2954612112484897,-0.06243184987954862,0.24450179457654056,0.12437281255493585,-0.12,0.3543010752688172,-0.13670374115267947,0.17907303370786515,-0.08328267477203648,0.08870578813898652,-0.14224137931034483,0.7,0.5,0.6,0.4016728262983856,0.8856674955215101,0.8856674955215101,0.9843250738530175,-0.8530106099594204,-0.863485805436404,0.8904614244799708,0.8904614244799708,0.5,-0.10932806324110671,0.1855599214145383
BIM,-0.4410248097351328,0.05330490068139023,0.16258602572445263,0.8882584161941546,-0.044461975079296466,-0.37119635860723876,0.09811957985942084,0.2649770529274303,0.1859813068796364,-0.35771071278637157,-0.35061955485591845,0.32571142956693533,-0.4996634417777037,-0.06668246595253895,-0.7971731448763251,0.012632006456758249,-0.043955384557592195,0.16189336840468244,-0.09752233893665124,0.2736942785185451,-0.08247694334650857,0.8882584161941546,-0.08729368392130868,0.3360249811262629,-0.03547249141036067,0.27556223108099487,0.13828799443646317,-0.09215686274509804,0.3862838201526738,-0.15874249266488072,0.1997974029193629,-0.03744452341467267,0.1292846597613153,-0.1352762694335728,0.798422090729783,0.6,0.7,0.40285636635412425,0.8527898491777627,0.8527898491777627,0.8493687091671835,-0.6897890754910032,-0.8107721895627507,0.9663582551635589,0.9663582551635589,0.6,-0.0686595949855352,0.20363484541829774
BIK,-0.4410248097351328,0.05330490068139023,0.16258602572445263,0.8882584161941546,-0.044461975079296466,-0.37119635860723876,0.09811957985942084,0.2649770529274303,0.1859813068796364,-0.35771071278637157,-0.35061955485591845,0.32571142956693533,-0.4996634417777037,-0.06668246595253895,-0.7971731448763251,0.012632006456758249,-0.043955384557592195,0.16189336840468244,-0.09752233893665124,0.2736942785185451,-0.08247694334650857,0.8882584161941546,-0.08729368392130868,0.3360249811262629,-0.03547249141036067,0.27556223108099487,0.13828799443646317,-0.09215686274509804,0.3862838201526738,-0.15874249266488072,0.1997974029193629,-0.03744452341467267,0.1292846597613153,-0.1352762694335728,0.798422090729783,0.6,0.7,0.40285636635412425,0.8527898491777627,0.8527898491777627,0.8493687091671835,-0.6897890754910032,-0.8107721895627507,0.9663582551635589,0.9663582551635589,0.6,-0.0686595949855352,0.20363484541829774
BID,-0.3936136998013428,0.05386961494471978,0.15223356009070294,0.47970258874733646,-0.012206047486796512,-0.339515455304929,0.10621603762792493,0.24742521585099553,0.1713171242668881,-0.32019083029302176,-0.3106345625389334,0.29775267962932095,-0.4493313130735584,-0.06418556536961885,-0.3950310559006211,0.039861596279620715,-0.027784602746663955,0.11937609490480254,-0.08904901032560608,0.2402339846982015,-0.07714987714987716,0.47970258874733646,-3.65080110101218e-4,0.3107739735012462,-0.027835746959252942,0.2575582290565175,0.1281397334748062,-0.06675105485232068,0.35774013603387256,-0.14884332146060392,0.18345759744014298,-0.013734358691348847,0.1415767087200697,-0.11713630906908219,0.7967280163599182,0.6,0.7,0.3073578190152908,0.42323269118719803,0.42323269118719803,0.4155247194653248,-0.4383346527016604,-0.4674053371964811,0.5441154001352368,0.5441154001352368,0.6,-0.0376053262091046,0.19271393463612924
BCLXL,0.46398178694222747,-0.05252613572946452,-0.17843580672344073,-0.8917524513834401,0.07595247966039477,0.3899978955249031,-0.08903002758231704,-0.2846203857575246,-0.2061534012680573,0.3823573846174465,0.37182071536271344,-0.3437178352516022,0.5186115722911117,0.07060343165606323,0.7983471074380166,0.016663287025327038,0.06630355152094282,-0.19389367089254456,0.10895358728147145,-0.29739137024424755,0.0933066933066933,-0.8917524513834401,0.12906955395017997,-0.3521683870080391,0.049087539812434765,-0.2927145478249657,-0.14944311355488935,0.12182551108551684,-0.40407819693533986,0.16904838019814364,-0.22188833570412517,0.06659309747917343,-0.1191293593332324,0.15834208276371914,-0.7990903922683342,-0.6,-0.7,-0.4288416854933497,-0.9638153820590933,-0.9638153820590933,-0.9611373177923186,0.8088772632234484,0.9269115456221068,-0.9746492642581639,-0.9746492642581639,-0.6,0.10043128031628608,-0.2188736238954113
BCL2,0.46398178694222747,-0.05252613572946452,-0.17843580672344073,-0.8917524513834401,0.07595247966039477,0.3899978955249031,-0.08903002758231704,-0.2846203857575246,-0.2061534012680573,0.3823573846174465,0.37182071536271344,-0.3437178352516022,0.5186115722911117,0.07060343165606323,0.7983471074380166,0.016663287025327038,0.06630355152094282,-0.19389367089254456,0.10895358728147145,-0.29739137024424755,0.0933066933066933,-0.8917524513834401,0.12906955395017997,-0.3521683870080391,0.049087539812434765,-0.2927145478249657,-0.14944311355488935,0.12182551108551684,-0.40407819693533986,0.16904838019814364,-0.22188833570412517,0.06659309747917343,-0.1191293593332324,0.15834208276371914,-0.7990903922683342,-0.6,-0.7,-0.4288416854933497,-0.9638153820590933,-0.9638153820590933,-0.9611373177923186,0.8088886666869124,0.8269034087778259,-0.9746492642581639,-0.9746492642581639,-0.6,0.10043128031628608,-0.2188736238954113
BAX,-0.41022641777147956,0.06855492963003447,0.16214267115255176,0.5441154001352368,0.006072180835099933,-0.3710123023012782,0.14026842591760136,0.2733188514220505,0.19295037970902315,-0.3482972554274684,-0.3573949060205884,0.32705230664962764,-0.47013249514546773,-0.07348076455245847,-0.47970258874733646,0.0678479444024876,-0.006760293969525341,0.10785186734649288,-0.09440685154578599,0.25147681452611736,-0.08904901032560608,0.5441154001352368,0.020356495963955272,0.3445413735910531,-0.015081241927659217,0.2883424157059018,0.13733907988003496,-0.0376053262091046,0.38103286397776326,-0.1656940595688598,0.21259617421916918,0.017467131529079593,0.16635009749345847,-0.1171555139855408,0.8861593776465352,0.7,0.7973575557390586,0.30401826290659967,0.4538588771454523,0.4538588771454523,0.4431905671311725,-0.452642690595986,-0.48671814323847623,0.48300428902412573,0.48300428902412573,0.7,-0.012206047486796512,0.2100363947108829
BAK,-0.41022641777147956,0.06855492963003447,0.16214267115255176,0.5441154001352368,0.006072180835099933,-0.3710123023012782,0.14026842591760136,0.2733188514220505,0.19295037970902315,-0.3482972554274684,-0.3573949060205884,0.32705230664962764,-0.47013249514546773,-0.07348076455245847,-0.47970258874733646,0.0678479444024876,-0.006760293969525341,0.10785186734649288,-0.09440685154578599,0.25147681452611736,-0.08904901032560608,0.5441154001352368,0.020356495963955272,0.3445413735910531,-0.015081241927659217,0.2883424157059018,0.13733907988003496,-0.0376053262091046,0.38103286397776326,-0.1656940595688598,0.21259617421916918,0.017467131529079593,0.16635009749345847,-0.1171555139855408,0.8861593776465352,0.7,0.7973575557390586,0.30401826290659967,0.4538588771454523,0.4538588771454523,0.4431905671311725,-0.452642690595986,-0.48671814323847623,0.48300428902412573,0.48300428902412573,0.7,-0.012206047486796512,0.2100363947108829
BAD,-0.4303996973899887,0.0333868378812199,0.1619549150036955,0.7983471074380166,-0.10043128031628608,-0.3422897317060802,0.05300724637681159,0.24803405624349847,0.17822765469824292,-0.3370352557659059,-0.3222725225916291,0.29650494069149474,-0.4671303873431533,-0.055438596491228065,-0.7,-0.05057449209932281,-0.09084567606306736,0.1946390966887948,-0.0933066933066933,0.2712576269698433,-0.06363636363636363,0.7983471074380166,-0.1494706604508715,0.30101241175567833,-0.06859797897730158,0.25157770571970256,0.12760454853246783,-0.13043478260869565,0.3598605098605099,-0.1394440957589886,0.18618421052631579,-0.09418803418803419,0.0844347028446828,-0.15031462827252245,0.7,0.5,0.6,0.4102177234530176,0.8873727177659617,0.8873727177659617,0.886045371058013,-0.9577054904734787,-0.9671439045123135,0.8917524513834401,0.8917524513834401,0.5,-0.12182551108551684,0.19126482651590732
ATR,0.3905298887767602,-0.15850532556249086,-0.2400612661581849,-0.22153799696809715,-0.3573978271840501,0.3915897112185266,-0.4455937261425178,-0.42857966474563475,-0.3956328094486715,0.38398593283304494,0.42701504296530635,-0.3137003135358404,0.2885351068797295,0.0823463991534912,0.21576942831180118,-0.44269153521595433,-0.26201931311701404,0.30387042299971095,0.15514440597216753,-0.12214299572869618,0.15566253474122438,-0.22153799696809715,-0.42759307663975604,-0.5502572872756637,-0.1387285844751219,-0.3808299299447934,-0.15858360044598374,-0.2445702935478717,-0.5300825721846665,0.26770197961498754,-0.5688923396181261,-0.41278226383124644,-0.5030175091575699,0.04786389047596347,-0.2312989701091684,-0.19615686274509803,-0.22270939715261734,0.22816785565754513,-0.20332658768555634,-0.20332658768555634,-0.11873935107969462,0.17128407611097476,0.190161029319666,-0.22460002891873768,-0.22460002891873768,-0.20169040835707502,-0.35268625516430635,-0.31663193983215
A_Kinetochores,0.25286881544425344,-0.06737032462328242,-0.28929814461408265,-0.37731152130225254,-0.18556170069760203,0.2286282408885895,-0.32284522476581934,-0.306458587611557,-0.027390884784330556,0.26696002707227195,0.15261996963590513,-0.047520248014848075,0.33330860656638506,-0.15762319396487018,0.3707169418401071,-0.3133983968049842,-0.09095347509097625,0.13036577265248478,0.05339050531840498,0.11903050951080787,0.05418773811903026,-0.37731152130225254,-0.11395005965695919,-0.047155656691665424,-0.21507729525658098,-0.16615296482929084,-0.15741400399859912,-0.18137713936562613,-0.27493672781844586,0.20729280376988482,-0.23894891699073342,-0.19790182358819383,-0.2562814106348298,0.12987065455848765,-0.4017560099802724,-0.3529895160436302,-0.3933172844614584,-0.14445444578527422,-0.3465906697582547,-0.3465906697582547,-0.3133033295605915,0.33355403968880737,0.3677504398217809,-0.3809687352536656,-0.3809687352536656,-0.35901743584105256,-0.18406452900801898,-0.11604613599620191
