Source,ZEB1_H,ZEB1,YAP,WT1,Twist,Stress_Fibers,SNAI2,SNAI1,SMAC,pRB,p27Kip1,p21,N_bcatenin_H,N_bcatenin,Myc,Mst1_2,miR_34,miR_200,MCL_1,LEF1,Lats1_2,IAPs,FocalAdhesions,Ecadherin_mRNA_H,Ecadherin_mRNA,E2F1,Cyto_C,CyclinE,CyclinD1,Casp9,Casp8,Casp3,Casp2,BIM,BIK,BID,BCLXL,BCL2,BAX,BAK,BAD,b_catenin_TCF4,ApicalBasal_Pol,AMOT
ZEB1_H,0.8997132870163966,0.899866087114631,0.7,0.6,0.8999772649766966,0.5,0.8995715554215776,0.9999193163578053,0.3,-0.5,-0.5,-0.4,0.8973154061739201,0.7,0.6,-0.7,-0.9999193163578053,-0.9999462186773931,-0.5,0.9999313938666073,-0.6,-0.2,0.6,-0.8999696578927405,-0.999901639054128,0.6,0.3,0.5,0.6,0.2,0,0.1,0,0.4,0.4,0.4,-0.4,-0.4,0.4,0.4,0,0.8994507461149158,-0.8,-0.5
ZEB1,0.9997459994737803,0.8998852819010675,0.7,0.6,0.8999822726466938,0.5,0.8996185023085917,0.9999320957732148,0.3,-0.5,-0.5,-0.4,0.8975357490057364,0.7,0.6,-0.7,-0.9999320957732148,-0.9999549960432599,-0.5,0.9999422724058162,-0.6,-0.2,0.6,-0.8999763523499853,-0.9999164103315342,0.6,0.3,0.5,0.6,0.2,0,0.1,0,0.4,0.4,0.4,-0.4,-0.4,0.4,0.4,0,0.8995108448953764,-0.8,-0.5
YAP,-0.24216538131304274,-0.07547888279414616,0.7678165584415584,0.8450892857142858,-0.2420575767880973,0.7857142857142857,-0.24097807008381084,-0.2053625651564681,0.7,-0.8948629181119369,-0.8940634870422797,-0.7863460564741458,-0.5377870221120458,0.175255640237545,0.9981819989652267,-0.5799291617473435,0.2053625651564681,-0.2703146661474415,-0.8997259648321535,-6.505498935308162e-4,-0.5857142857142856,-0.6,0.8450892857142858,-0.5390460752037006,0.16826035740560513,0.9985235109717868,0.7,0.8735373807006696,0.9985175388637068,0.6,0.4,0.5,0.4,0.8,0.8,0.8,-0.8,-0.8,0.8,0.8,0.4,-0.4019484028053899,-0.5617663224989092,-0.5599999999999999
WT1,0.5107750493708346,0.5427706552706553,0.7,0.6,0.3748148148148148,0.5,0.575996225996226,0.45741574915863376,0.4,-0.6,-0.6,-0.5,0.10372434017595307,0.5636363636363637,0.7,-0.6,-0.45741574915863376,-0.4720027655592509,-0.6,0.4642800742730436,-0.5,-0.3,0.6,-0.7788974854932302,-0.5527304242774415,0.7,0.4,0.5983193277310924,0.7,0.3,0.1,0.2,0.1,0.5,0.5,0.5,-0.5,-0.5,0.5,0.5,0.1,0.4481716322892793,-0.6927272727272727,-0.4
Twist,0.8996019315384982,0.8998083096463534,0.7,0.6,0.6999676008423781,0.5,0.9994052437471534,0.7998847050148015,0.3,-0.5,-0.5,-0.4,0.8964269112239631,0.7,0.6,-0.7,-0.7998847050148015,-0.9999232122235705,-0.5,0.8999018763207459,-0.6,-0.2,0.6,-0.8999566489649939,-0.9998594205189788,0.6,0.3,0.5,0.6,0.2,0,0.1,0,0.4,0.4,0.4,-0.4,-0.4,0.4,0.4,0,0.8992380856764637,-0.8,-0.5
Stress_Fibers,-0.22117930119403306,-0.05653360556821154,0.8450892857142858,0.7857142857142857,-0.20594468390804596,0.7,-0.2041685389063391,-0.1849443367090426,0.6,-0.7978065920434398,-0.7973252735264863,-0.6935170228055844,-0.4894942162660082,0.2594002855782961,0.8995593095850165,-0.5857142857142856,0.1849443367090426,-0.2674242565876417,-0.8,0.007974232508748024,-0.5599999999999999,-0.5,0.7857142857142857,-0.5617663224989092,0.14195018271564647,0.8996689655172414,0.6,0.7845525346847009,0.8996718621821165,0.5,0.3,0.4,0.3,0.7,0.7,0.7,-0.7,-0.7,0.7,0.7,0.3,-0.3610419418603562,-0.5799291617473435,-0.5
SNAI2,0.9996604550789154,0.9998472843093765,0.7,0.6,0.7999783830523131,0.5,0.9994884798747063,0.89991095630228235,0.3,-0.5,-0.5,-0.4,0.7967673120298976,0.7,0.6,-0.7,-0.89991095630228235,-0.8999413533204702,-0.5,0.8999242941457126,-0.6,-0.2,0.6,-0.899971160778659,-0.9998895317805145,0.6,0.3,0.5,0.6,0.2,0,0.1,0,0.4,0.4,0.4,-0.4,-0.4,0.4,0.4,0,0.9993443488478579,-0.8,-0.5
SNAI1,0.8996808677944017,0.899848675038467,0.7,0.6,0.9999743573305981,0.5,0.89952314310236825,0.899908913039835,0.3,-0.5,-0.5,-0.4,0.8970679272750877,0.7,0.6,-0.7,-0.8999089139481808,-0.9999392846712716,-0.5,0.8999225197284961,-0.6,-0.2,0.6,-0.8999657328878609,-0.9998889207356051,0.6,0.3,0.5,0.6,0.2,0,0.1,0,0.4,0.4,0.4,-0.4,-0.4,0.4,0.4,0,0.8993887936856375,-0.8,-0.5
SMAC,-0.21025988946390325,-0.24683681173079322,-0.3239482200647249,-0.26666666666666666,-0.6322079008156731,-0.2,-0.41851432176542236,-0.19175795386906938,0.5908055048504487,-0.46501519896306026,-0.45280826413378383,-0.43075909824394787,-0.18058308011489918,-0.7901411451398136,0.4261749402461786,0.31632453567937435,0.19175795386906938,0.1398661062164225,-0.6900980201143027,-0.15933937160596826,0.2636363636363636,-0.5964188104637543,-0.26666666666666666,0.4026346952793681,0.44024922248451953,0.43477906784365655,0.5908055048504487,0.043660786867067654,0.4310391928829705,0.8978468628146048,0.8,0.8996399639963997,0.8,0.6769540863364847,0.6769540863364847,0.6793238657196469,-0.7799110568298544,-0.7816909662686317,0.6823671486860652,0.6823671486860652,0.8,-0.2610667064537655,0.3611332788487733,0.2
pRB,0.33674247403039487,0.22712931241920242,0.2542198298777246,0.20972222222222223,0.31402002842421284,0.15555555555555556,0.5071788149639724,0.31670916990000286,-0.7,0.8945697816562943,0.8937069308919158,0.8863410394642418,0.6391378826486782,0.3658692493225739,-0.9963617559365957,-0.24780154486036837,-0.31670916990000286,0.13477017610783992,0.8990216444236655,0.10786644195221336,-0.20555555555555555,0.6,0.20972222222222223,-0.3232694781089976,-0.35667117216482513,-0.9969151880900131,-0.7,-0.9733837531508482,-0.9973783216093054,-0.6,-0.4,-0.5,-0.4,-0.7999072786277237,-0.7999072786277237,-0.7999135322092521,0.7998983997967997,0.7999326485940393,-0.7999517898035434,-0.7999517898035434,-0.4,0.5515656583062913,-0.2867625838214073,-0.15555555555555556
p27Kip1,0.31371852048103344,0.2211194757955605,0.24340448823207442,0.20317460317460317,0.28007286387808633,0.15555555555555556,0.45859119650078045,0.30125796781273034,-0.6,0.9978801160203055,0.8974032142659016,0.895344403876293,0.58161519391012,0.3125377360698322,-0.8957167819420505,-0.23450292397660819,-0.30125796781273034,0.08402045256718317,0.7983943230078289,0.11757457558442055,-0.1976608187134503,0.5,0.20317460317460317,-0.3026476354214206,-0.33282991135334983,-0.8962670450965676,-0.6,-0.9880681943388163,-0.8973082827937885,-0.5,-0.3,-0.4,-0.3,-0.6997981836528758,-0.6997981836528758,-0.6998056365403305,0.6997667638483965,0.6998487712665407,-0.6998953701281716,-0.6998953701281716,-0.3,0.5057442685362468,-0.2694022528356686,-0.15555555555555556
p21,-0.8300494348297531,-0.8451960367378044,-0.48762626262626263,-0.3944444444444445,-0.6646790695213067,-0.3,-0.7113620577926894,-0.7539027462021358,-0.5,0.8997744572878489,0.8997011580127008,0.699232245681382,-0.6534597211532314,-0.4624053217414213,-0.7996506550218341,0.48526080476900146,0.7539027462021358,0.9625545602692922,0.7,-0.8588195530516092,0.39344262295081966,0.4,-0.3944444444444445,0.6643188175433374,0.7509555531197347,-0.7997363216875412,-0.5,-0.7964531066056246,-0.9998400639744102,-0.4,-0.2,-0.3,-0.2,-0.6,-0.6,-0.6,0.6,0.6,-0.6,-0.6,-0.2,-0.6933403172130863,0.5754123199205166,0.3
N_bcatenin_H,0.9998672148789025,0.8999609775132921,0.6,0.5,0.8,0.4,0.9997928067534987,0.8999811676082862,0.2,-0.4,-0.4,-0.3,0.7982963680716068,0.6,0.5,-0.6,-0.8999811676082862,-0.8999883920020894,-0.4,0.8999839865487009,-0.5,-0.1,0.5,-0.8,-0.8999739439142754,0.5,0.2,0.4,0.5,0.1,0,0,0,0.3,0.3,0.3,-0.3,-0.3,0.3,0.3,0,0.9997343845140536,-0.7,-0.4
N_bcatenin,0.8998866567669189,0.8999728150061166,0.6,0.5,0.7,0.4,0.9998229889322001,0.7999869135640909,0.2,-0.4,-0.4,-0.3,0.7984182492203332,0.6,0.5,-0.6,-0.7999869135640909,-0.7999919302775984,-0.4,0.7999888579387187,-0.5,-0.1,0.5,-0.8,-0.8999818766707444,0.5,0.2,0.4,0.5,0.1,0,0,0,0.3,0.3,0.3,-0.3,-0.3,0.3,0.3,0,0.899773218989633,-0.7,-0.4
Myc,-0.3387241412394876,-0.1987607562583621,-0.22637362637362637,-0.16923076923076924,-0.32153879363839744,-0.1,-0.49287818497342756,-0.3047815947622171,0.7,-0.8927511925885636,-0.8916965037412613,-0.7815317697811175,-0.6012949570250417,-0.391037037037037,0.8972104626521679,0.22377622377622375,0.3047815947622171,-0.1954618003322914,-0.8995581737849779,-0.07717519132464984,0.16923076923076924,-0.6,-0.16923076923076924,0.31131920829500104,0.3492030141439334,0.9977166481425346,0.7,0.8651373159191816,0.9977129357071085,0.6,0.4,0.5,0.4,0.8,0.8,0.8,-0.8,-0.8,0.8,0.8,0.4,-0.5281217400952407,0.26953893564063053,0.1
Mst1_2,0.20857439611492415,0.03496455651560572,-0.8902439024390244,-0.8,0.17279411764705882,-0.7,0.15560150883258256,0.16979803713333574,-0.5,0.6995947315096251,0.6994630872483222,0.5986463620981388,0.44293257392434915,-0.3734265734265734,-0.8,0.5714285714285714,-0.16979803713333574,0.27165289490870886,0.7,-0.014923976608187135,0.6,0.4,-0.8,0.606043956043956,-0.1151582867783985,-0.8,-0.5,-0.6940958673829233,-0.8,-0.4,-0.2,-0.3,-0.2,-0.6,-0.6,-0.6,0.6,0.6,-0.6,-0.6,-0.2,0.3206085936458988,0.6047619047619047,0.5
miR_34,-0.8998651729195408,-0.7999584048250403,-0.6,-0.5,-1,-0.4,-0.899789061898366,-0.8999800029995499,-0.2,0.4,0.4,0.3,-0.8982826362521511,-0.6,-0.5,0.6,0.8999800039992001,0.8999876482213439,0.4,-0.7999829743764366,0.5,0.1,-0.5,0.8,0.899972274208082,-0.5,-0.2,-0.4,-0.5,-0.1,0,0,0,-0.3,-0.3,-0.3,0.3,0.3,-0.3,-0.3,0,-0.8997297794414726,0.7,0.4
miR_200,-0.9999235424950814,-0.9999809745772789,-0.6,-0.5,-0.8,-0.4,-0.8998806154145823,-0.8999908231623384,-0.2,0.4,0.4,0.3,-0.9988817968336873,-0.6,-0.5,0.6,0.8999908231623384,0.999994337726314,0.4,-0.9999921963400835,0.5,0.1,-0.5,0.8,0.8999872961427913,-0.5,-0.2,-0.4,-0.5,-0.1,0,0,0,-0.3,-0.3,-0.3,0.3,0.3,-0.3,-0.3,0,-0.8998469420799408,0.7,0.4
MCL_1,0.14061756251411422,0.18580435039937848,0.2,0.1,0.5721988104844735,0,0.3874509811007759,0.12067395930309881,-0.8998093422306959,0.4037858347769648,0.3966446453695584,0.38031241294562274,0.08069686247321697,0.6,-0.361832149716157,-0.2,-0.12067395930309881,-0.05873382480092594,0.5781793297054862,0.07793409860808483,-0.1,0.8,0.1,-0.35013831258644534,-0.405893536121673,-0.3677632318915238,-0.8998093422306959,0.15328417096765878,-0.3647004107373807,-0.8,-0.6,-0.7,-0.6,-0.9982493972173752,-0.9982493972173752,-0.998527749134387,0.9984069837339822,0.9987600479009979,-0.9989545154068196,-0.9989545154068196,-0.6,0.19136763725371744,-0.2833333333333333,0
LEF1,0.9998507924654678,0.8999540546749369,0.6,0.5,0.8,0.4,0.9997670847960087,0.8999778381073744,0.2,-0.4,-0.4,-0.3,0.7981337356452157,0.6,0.5,-0.6,-0.8999778381073744,-0.899986333663603,-0.4,0.899981152523206,-0.5,-0.1,0.5,-0.8,-0.899969326329512,0.5,0.2,0.4,0.5,0.1,0,0,0,0.3,0.3,0.3,-0.3,-0.3,0.3,0.3,0,0.8997014450129484,-0.7,-0.4
Lats1_2,0.23024161411029298,0.0531254760558356,-0.9576352067868505,-0.8902439024390244,0.20952447858124143,-0.8,0.19561113810557243,0.1907431201473843,-0.6,0.7982126979459528,0.7978065920434398,0.6946358080084291,0.49738733828623427,-0.29895848832019045,-0.8996689655172414,0.6047619047619047,-0.1907431201473843,0.2823387003313564,0.8,-0.009934159907576135,0.5714285714285714,0.5,-0.8902439024390244,0.5903772893772894,-0.14257411537481302,-0.899751552795031,-0.6,-0.7865730710303397,-0.8997535124476214,-0.5,-0.3,-0.4,-0.3,-0.7,-0.7,-0.7,0.7,0.7,-0.7,-0.7,-0.3,0.36741463313486505,0.606043956043956,0.6
IAPs,0.2439348137198291,0.28158195558941745,0.372043458159963,0.3239482200647249,0.6831521161401793,0.26666666666666666,0.4601751464419886,0.22657005845021122,-0.6823671486860652,0.5178721432144158,0.5055875507533746,0.48429943009872034,0.21353919383281253,0.8820267711058106,-0.4771675973035623,-0.3611332788487733,-0.22657005845021122,-0.16798428650851585,0.7655172076683217,0.19127713327565518,-0.31632453567937435,0.5908055048504487,0.3239482200647249,-0.4425939016580071,-0.4790103201439223,-0.48585955641240064,-0.6823671486860652,-0.06995439492138748,-0.48273001413900907,-0.9943240445600011,-0.8996399639963997,-0.9983074031621006,-0.8996399639963997,-0.7655990344006962,-0.7655990344006962,-0.7694955044609627,0.8712932997145352,0.8725145139784068,-0.771970610247324,-0.771970610247324,-0.8997222222222222,0.2984241616539713,-0.4026346952793681,-0.2636363636363636
FocalAdhesions,-0.23024161411029298,-0.0531254760558356,0.9576352067868505,0.8902439024390244,-0.20952447858124143,0.9,-0.19561113810557243,-0.1907431201473843,0.6,-0.7982126979459528,-0.7978065920434398,-0.6946358080084291,-0.49738733828623427,0.29895848832019045,0.8996689655172414,-0.6047619047619047,0.1907431201473843,-0.2823387003313564,-0.8,0.009934159907576135,-0.5714285714285714,-0.5,0.8902439024390244,-0.5903772893772894,0.14257411537481302,0.899751552795031,0.6,0.7865730710303397,0.8997535124476214,0.5,0.3,0.4,0.3,0.7,0.7,0.7,-0.7,-0.7,0.7,0.7,0.3,-0.36741463313486505,-0.606043956043956,-0.5
Ecadherin_mRNA_H,-0.5796604982872433,-0.6150605847126053,-0.7957894736842105,-0.7,-0.4469078380706287,-0.6,-0.637622047873094,-0.5324639806698878,-0.5,0.6995318899941486,0.6993808049535604,0.5984313725490196,-0.13333121978283266,-0.5827374872318692,-0.8,0.6927272727272727,0.5324639806698878,0.5517457738736878,0.7,-0.5422252060643291,0.6,0.4,-0.7,0.7588061612923169,0.626290049109956,-0.8,-0.5,-0.6937154008522841,-0.8,-0.4,-0.2,-0.3,-0.2,-0.6,-0.6,-0.6,0.6,0.6,-0.6,-0.6,-0.2,-0.5041894628984918,0.7788974854932302,0.5
Ecadherin_mRNA,-0.5107750493708346,-0.5427706552706553,-0.7,-0.6,-0.3748148148148148,-0.5,-0.575996225996226,-0.45741574915863376,-0.4,0.6,0.6,0.5,-0.10372434017595307,-0.5636363636363637,-0.7,0.6,0.45741574915863376,0.4720027655592509,0.6,-0.4642800742730436,0.5,0.3,-0.6,0.7788974854932302,0.5527304242774415,-0.7,-0.4,-0.5983193277310924,-0.7,-0.3,-0.1,-0.2,-0.1,-0.5,-0.5,-0.5,0.5,0.5,-0.5,-0.5,-0.1,-0.4481716322892793,0.6927272727272727,0.4
E2F1,-0.3375236346557978,-0.230249095288102,-0.25526212832550865,-0.20972222222222223,-0.37090766712673207,-0.15555555555555556,-0.5198614707389856,-0.31735826348437424,0.8,-0.8794562944873869,-0.8772607115457086,-0.855283865375473,-0.6276745129862186,-0.4840291441713919,0.9898380172098117,0.2490110529377545,0.31735826348437424,-0.13424986744295614,-0.9973598776358805,-0.107901251768414,0.20555555555555555,-0.7,-0.20972222222222223,0.32983684983344896,0.3658376080356411,0.991210106764596,0.8,0.9218053825804786,0.991051175101887,0.7,0.5,0.6,0.5,0.8998140111593305,0.8998140111593305,0.8998341625207298,-0.8998079385403329,-0.8998700736249459,0.8999039462098775,0.8999039462098775,0.5,-0.5519057891641301,0.2905533414949684,0.15555555555555556
Cyto_C,-0.21045418994591722,-0.24369015022901638,-0.31800232288037167,-0.2619047619047619,-0.6251775010641915,-0.2,-0.4045510451774038,-0.1907435577631906,0.5890930307099597,-0.45280826413378383,-0.42838033997219965,-0.40909734204926884,-0.18798342855565942,-0.7889890721735157,0.4163109516747478,0.3092460881934566,0.1907435577631906,0.14734435518045946,-0.6832683058634432,-0.163046670832934,0.2578947368421053,-0.49549416869004503,-0.2619047619047619,0.3934682016963921,0.43068434227404806,0.4261749402461786,0.5890930307099597,0.07520702063596973,0.42206558272067,0.8973316327047082,0.8,0.8995318899941486,0.8,0.674208076030713,0.674208076030713,0.676898365826771,-0.7777965261052793,-0.7795194399242068,0.6799507353056834,0.6799507353056834,0.8,-0.2586288121542193,0.3523967731249635,0.2
CyclinE,-0.29529545704241766,-0.24798645609374437,-0.25642819952098306,-0.22323232323232323,-0.28363838170879896,-0.18831168831168832,-0.44197090885775336,-0.30792005042075016,0.5996946564885496,-0.9951964006005953,-0.8943639988464896,-0.8944589570983623,-0.45326280970815713,-0.2914982559811158,0.8851801472872719,0.24381000111967147,0.30792005042075016,0.014902781765894582,-0.7925934087078984,-0.15535679411058248,0.21226965882138296,-0.5,-0.22323232323232323,0.30390596007217263,0.3305014781795791,0.8866316496096053,0.5996946564885496,0.8862863777456859,0.8900324818398785,0.5,0.3,0.4,0.3,0.6982278768144197,0.6982278768144197,0.6982742050783942,-0.6981121065852431,-0.6985156297662457,0.6987984300734553,0.6987984300734553,0.3,-0.48437559590782486,0.2741291500558417,0.18078817733990146
CyclinD1,-0.3192132185665342,-0.19621838317904294,-0.21720779220779218,-0.16363636363636364,-0.2716094398640261,-0.1,-0.46615820306630196,-0.29199525335785503,0.6,-0.9988078707339805,-0.9985171421367418,-0.7965904042139014,-0.5878144265144578,-0.2722058823529412,0.8987767365266945,0.21363636363636362,0.29199525335785503,-0.16287808554177843,-0.7997366688610927,-0.0831986532078453,0.16363636363636364,-0.5,-0.16363636363636364,0.2942675692835728,0.3288742857750176,0.898985944565436,0.6,0.8908442058115961,0.9992833923457118,0.5,0.3,0.4,0.3,0.7,0.7,0.7,-0.7,-0.7,0.7,0.7,0.3,-0.509062139032201,0.25584855325261646,0.1
Casp9,-0.24400570783328884,-0.27832934453743363,-0.3641561690342178,-0.31800232288037167,-0.6755852412162302,-0.2619047619047619,-0.44601564265558036,-0.2254480768825417,0.6799507353056834,-0.5055875507533746,-0.4812452303282478,-0.46264132155396565,-0.22084182785205342,-0.8802934199996025,0.46715210627010817,0.3523967731249635,0.2254480768825417,0.1755347401029958,-0.7587573996345248,-0.19490297721052538,0.3092460881934566,-0.5890930307099597,-0.31800232288037167,0.43313588248272483,0.46931983479992007,0.4771675973035623,0.6799507353056834,0.10124889906654506,0.473654591083872,0.8933006807522158,0.8995318899941486,0.9979149506293747,0.8995318899941486,0.7625527753487539,0.7625527753487539,0.7668422010768379,-0.8689900027546491,-0.8700887443340246,0.7691555470538477,0.7691555470538477,0.8996399639963997,-0.29578656965095984,0.3934682016963921,0.2578947368421053
Casp8,-0.24414911820737734,-0.2795023289186189,-0.3647859486113658,-0.31800232288037167,-0.6945135588470773,-0.2619047619047619,-0.45311391624114516,-0.22569162644408242,0.7828221637907352,-0.5099979376056046,-0.4855622166441038,-0.46791208130721423,-0.21732788006485274,-0.8842828131625111,0.4711235512863416,0.35316500711237553,0.22569162644408242,0.1733358056780846,-0.7748910061088132,-0.19429658334616648,0.3092460881934566,-0.6904780600656889,-0.31800232288037167,0.4362550143119995,0.4736264141443118,0.48096297934685894,0.7828221637907352,0.07975276949292412,0.4774984735215796,0.8943094892465349,0.8996210326859309,0.9982681578268554,0.8996210326859309,0.7683757350663907,0.7683757350663907,0.8723656242133524,-0.8744118357877116,-0.8751136942060984,0.8739141914759442,0.8739141914759442,0.9997116077865897,-0.29687451167314205,0.39537166210361896,0.2578947368421053
Casp3,-0.2772491231031946,-0.31263396060819854,-0.40731726325914186,-0.3641561690342178,-0.7230588969849413,-0.31800232288037167,-0.4862778313612976,-0.25960915243329874,0.7691555470538477,-0.5572482105814867,-0.5325356464511998,-0.513682364592614,-0.2532445805486223,-0.968511947315517,0.5174456274570012,0.3934682016963921,0.25960915243329874,0.2038711623836446,-0.8328351103933971,-0.22657556003675933,0.3523967731249635,-0.6799507353056834,-0.3641561690342178,0.4720185501447878,0.5070343353810371,0.5275879376767425,0.7691555470538477,0.12915986330883705,0.5247789424196398,0.9870572617370408,0.9979149506293747,0.9946673895739174,0.9979149506293747,0.8501307107159425,0.8501307107159425,0.8560926820625516,-0.959268100803812,-0.9596803414526741,0.8573999362017712,0.8573999362017712,0.9983074031621006,-0.33232830230390137,0.43313588248272483,0.3092460881934566
Casp2,-0.10561490171863745,-0.14219576719576718,-0.1,0,-0.4882640586797066,0,-0.3184831897823929,-0.08102564102564103,0.8,-0.33730039463477185,-0.32928055810631573,-0.31542254379903256,-0.06026777469990766,-0.5,0.29420627039296354,0.1,0.08102564102564103,0.04240948189537268,-0.5872087017288001,-0.05309822673839411,0,-0.7,0,0.27664233576642333,0.3394330334408419,0.3000967276542724,0.8,-0.1376966032124286,0.2971153018169293,0.7,0.5,0.6,0.5,0.899375,0.899375,0.9994811932555123,-0.8994032077582992,-0.899590058929029,0.8996863974911798,0.8996863974911798,0.5,-0.14583333333333331,0.2,0
BIM,-0.14153830374133627,-0.1809110607784534,-0.2,-0.1,-0.5572097020626432,0,-0.3634789657287284,-0.12005189255189255,0.8995685005393744,-0.38023799137825237,-0.36849703611460216,-0.35100162397192103,-0.09565457545842086,-0.6,0.34128963935083095,0.2,0.12005189255189255,0.07117754400508139,-0.5690703363914373,-0.08867325780332237,0.1,-0.8,-0.1,0.3327188940092166,0.38354921935260794,0.3485913173323964,0.8995685005393744,-0.09088544654809717,0.34492752797498216,0.8,0.6,0.7,0.6,0.8969728305305076,0.8969728305305076,0.8974165890122785,-0.7972563897300244,-0.8977769084841519,0.9980968817587156,0.9980968817587156,0.6,-0.187906649085096,0.27142857142857146,0
BIK,-0.14153830374133627,-0.1809110607784534,-0.2,-0.1,-0.5572097020626432,0,-0.3634789657287284,-0.12005189255189255,0.8995685005393744,-0.38023799137825237,-0.36849703611460216,-0.35100162397192103,-0.09565457545842086,-0.6,0.34128963935083095,0.2,0.12005189255189255,0.07117754400508139,-0.5690703363914373,-0.08867325780332237,0.1,-0.8,-0.1,0.3327188940092166,0.38354921935260794,0.3485913173323964,0.8995685005393744,-0.09088544654809717,0.34492752797498216,0.8,0.6,0.7,0.6,0.8969728305305076,0.8969728305305076,0.8974165890122785,-0.7972563897300244,-0.8977769084841519,0.9980968817587156,0.9980968817587156,0.6,-0.187906649085096,0.27142857142857146,0
BID,-0.1417614822823587,-0.17449700559875836,-0.2,-0.1,-0.5212725300831482,0,-0.32720379702332125,-0.11940897734125959,0.49911699779249447,-0.3528002405658869,-0.33617677715238686,-0.3118875242404654,-0.1154724114663439,-0.6,0.3192942209822005,0.2,0.11940897734125959,0.08688505224538468,-0.5385325568498653,-0.0963378553662646,0.1,-0.4,-0.1,0.31307141813933115,0.35578814185676527,0.3282855538912708,0.49911699779249447,0.0023269980135444735,0.3237182437063531,0.8,0.6,0.7,0.6,0.49355085034154766,0.49355085034154766,0.49415223628691984,-0.5934640803825695,-0.5949623958678396,0.5960275668981855,0.5960275668981855,0.6,-0.1826565661318402,0.26097560975609757,0
BCLXL,0.14078107122728795,0.18427313224690636,0.2,0.1,0.5666491710939001,0,0.3795520478992536,0.12057508267087139,-0.8997536945812807,0.3966446453695584,0.38921934825666565,0.3718381870508631,0.085466803670254,0.6,-0.35556603477297427,-0.2,-0.12057508267087139,-0.06265376535958403,0.574667759156704,0.08104146501349477,-0.1,0.8,0.1,-0.3443366891413442,-0.39817428332425503,-0.361832149716157,-0.8997536945812807,0.1329617607318034,-0.35858051987697437,-0.8,-0.6,-0.7,-0.6,-0.9978466803914271,-0.9978466803914271,-0.9981746249183552,0.8980193967447114,0.9984577678042525,-0.9987073857264077,-0.9987073857264077,-0.6,0.19014595311808932,-0.2802469135802469,0
BCL2,0.14078107122728795,0.18427313224690636,0.2,0.1,0.5666491710939001,0,0.3795520478992536,0.12057508267087139,-0.8997536945812807,0.3966446453695584,0.38921934825666565,0.3718381870508631,0.085466803670254,0.6,-0.35556603477297427,-0.2,-0.12057508267087139,-0.06265376535958403,0.574667759156704,0.08104146501349477,-0.1,0.8,0.1,-0.3443366891413442,-0.39817428332425503,-0.361832149716157,-0.8997536945812807,0.1329617607318034,-0.35858051987697437,-0.8,-0.6,-0.7,-0.6,-0.9978466803914271,-0.9978466803914271,-0.9981746249183552,0.8980193572541151,0.8984578019700924,-0.9987073857264077,-0.9987073857264077,-0.6,0.19014595311808932,-0.2802469135802469,0
BAX,-0.17618885658403466,-0.21025248426081142,-0.2644444444444444,-0.2,-0.5759013874642992,-0.1,-0.37007538448540417,-0.1559532277927948,0.5960275668981855,-0.406579938190077,-0.3907222316978414,-0.3685293945911562,-0.15031543771441389,-0.6956043956043956,0.3703793628853725,0.26097560975609757,0.1559532277927948,0.1151071275923774,-0.6122108470635886,-0.12881564411256272,0.2,-0.49911699779249447,-0.2,0.3571443664675986,0.39651394830837816,0.379557818522314,0.5960275668981855,0.03012377378296314,0.3750957567368817,0.8994774657086871,0.7,0.8,0.7,0.5858733071553672,0.5858733071553672,0.5871633020993834,-0.6868736298109488,-0.6888548689861193,0.5900816209522396,0.5900816209522396,0.7,-0.22179277875642495,0.31307141813933115,0.1
BAK,-0.17618885658403466,-0.21025248426081142,-0.2644444444444444,-0.2,-0.5759013874642992,-0.1,-0.37007538448540417,-0.1559532277927948,0.5960275668981855,-0.406579938190077,-0.3907222316978414,-0.3685293945911562,-0.15031543771441389,-0.6956043956043956,0.3703793628853725,0.26097560975609757,0.1559532277927948,0.1151071275923774,-0.6122108470635886,-0.12881564411256272,0.2,-0.49911699779249447,-0.2,0.3571443664675986,0.39651394830837816,0.379557818522314,0.5960275668981855,0.03012377378296314,0.3750957567368817,0.8994774657086871,0.7,0.8,0.7,0.5858733071553672,0.5858733071553672,0.5871633020993834,-0.6868736298109488,-0.6888548689861193,0.5900816209522396,0.5900816209522396,0.7,-0.22179277875642495,0.31307141813933115,0.1
BAD,-0.10541580756013746,-0.14317938224690635,-0.1,0,-0.49058823529411766,0,-0.3237851037851038,-0.08086021505376344,0.8,-0.3432708773634932,-0.33568499333822766,-0.3220336522580562,-0.056614929785661496,-0.5,0.29964498214139534,0.1,0.08086021505376344,0.039424175824175824,-0.48860148897828426,-0.050042955326460484,0,-0.7,0,0.2802469135802469,0.34415668801633714,0.3050858617884617,0.8,-0.15232203009207276,0.3023648983148181,0.7,0.5,0.6,0.5,0.8995136778115501,0.8995136778115501,0.8995985950827897,-0.9995398331895313,-0.9996798078847309,0.8997536945812807,0.8997536945812807,0.5,-0.14661654135338345,0.2,0
b_catenin_TCF4,0.8998807811755597,0.8999633296662999,0.6,0.5,0.8,0.4,0.7998140645500359,0.8999822726466938,0.2,-0.4,-0.4,-0.3,0.7984858204271894,0.6,0.5,-0.6,-0.8999822726466938,-0.8999890686488851,-0.4,0.899984940893005,-0.5,-0.1,0.5,-0.8,-0.899975481181807,0.5,0.2,0.4,0.5,0.1,0,0,0,0.3,0.3,0.3,-0.3,-0.3,0.3,0.3,0,0.7997614875688982,-0.7,-0.4
ApicalBasal_Pol,-0.6458537711115893,-0.6838161010409372,-0.8860879811468971,-0.7957894736842105,-0.5133910184987633,-0.7,-0.6965351269367706,-0.6039627521686592,-0.6,0.7980935856792357,0.7976773981399331,0.6942774324146275,-0.16601719169197088,-0.5833121998755474,-0.8996272134203169,0.7788974854932302,0.6039627521686592,0.6269568094923825,0.8,-0.6161241602549316,0.6927272727272727,0.5,-0.7957894736842105,0.833637242373398,0.6958441737606668,-0.8997195606450106,-0.6,-0.7863727435096267,-0.8997200447928332,-0.5,-0.3,-0.4,-0.3,-0.7,-0.7,-0.7,0.7,0.7,-0.7,-0.7,-0.3,-0.5593789192411606,0.7588061612923169,0.6
AMOT,0.22117930119403306,0.05653360556821154,-0.8450892857142858,-0.7857142857142857,0.20594468390804596,-0.7,0.2041685389063391,0.1849443367090426,-0.6,0.7978065920434398,0.7973252735264863,0.6935170228055844,0.4894942162660082,-0.2594002855782961,-0.8995593095850165,0.5857142857142856,-0.1849443367090426,0.2674242565876417,0.8,-0.007974232508748024,0.5599999999999999,0.5,-0.7857142857142857,0.5617663224989092,-0.14195018271564647,-0.8996689655172414,-0.6,-0.7845525346847009,-0.8996718621821165,-0.5,-0.3,-0.4,-0.3,-0.7,-0.7,-0.7,0.7,0.7,-0.7,-0.7,-0.3,0.3610419418603562,0.5799291617473435,0.5
